Dataset,Method,Date,Daily_Return,Cumulative_Return,NAV
us_technology,BL,2026-01-02,0.0325198626922126,0.03251986269221252,1.0325198626922125
us_technology,BL,2026-01-05,0.0026017359900608584,0.035206206779431426,1.0352062067794314
us_technology,BL,2026-01-06,0.020469529953033132,0.05639639123666873,1.0563963912366687
us_technology,BL,2026-01-07,-0.007218421576994531,0.048770876732306956,1.048770876732307
us_technology,BL,2026-01-08,-0.02435961380791564,0.02322322320211878,1.0232232232021188
us_technology,BL,2026-01-09,0.028259576336823602,0.0521390779878097,1.0521390779878097
us_technology,BL,2026-01-12,0.009774906864295546,0.06242363948342633,1.0624236394834263
us_technology,BL,2026-01-13,0.00270233086715345,0.06529465967839587,1.0652946596783959
us_technology,BL,2026-01-14,-0.017073371981872913,0.047106487683403975,1.047106487683404
us_technology,BL,2026-01-15,0.012671402505382196,0.06037479545483748,1.0603747954548375
us_technology,BL,2026-01-16,0.02084166548978081,0.08247477223550193,1.082474772235502
us_technology,BL,2026-01-20,-0.029885487618335,0.05012448583269791,1.050124485832698
us_technology,BL,2026-01-21,0.02394264123848993,0.07526723965274407,1.075267239652744
us_technology,BL,2026-01-22,0.007007902489661008,0.08280260761855751,1.0828026076185575
us_technology,BL,2026-01-23,0.0036638857750533505,0.08676987268980163,1.0867698726898016
us_technology,BL,2026-01-26,-0.005230156660432605,0.0810858960017955,1.0810858960017955
us_technology,BL,2026-01-27,0.012963071496218698,0.09510008976522055,1.0951000897652206
us_technology,BL,2026-01-28,0.011966260810524034,0.10820434305297932,1.1082043430529793
us_technology,BL,2026-01-29,-0.0020707563044652898,0.10590952192296665,1.1059095219229667
us_technology,BL,2026-01-30,-0.02990774304297431,0.07283426411251614,1.0728342641125161
us_technology,BL,2026-02-02,0.00930280266834922,0.0828146295673986,1.0828146295673986
us_technology,BL,2026-02-03,-0.031026753006156194,0.04921840750435846,1.0492184075043585
us_technology,BL,2026-02-04,-0.06767080663171071,-0.021783048464300347,0.9782169515356997
us_technology,BL,2026-02-05,-0.020830042561197363,-0.04215934919887365,0.9578406508011263
us_technology,BL,2026-02-06,0.05654646383777217,0.012003152524000305,1.0120031525240003
us_technology,BL,2026-02-09,0.02926726019288868,0.04162171210494381,1.0416217121049438
us_technology,BL,2026-02-10,-0.0050915576284315655,0.03631823513073584,1.0363182351307358
us_technology,BL,2026-02-11,0.020180643391855577,0.05723180387438642,1.0572318038743864
us_technology,BL,2026-02-12,-0.019107477910418953,0.03703077053566406,1.037030770535664
us_technology,BL,2026-02-13,0.011369111556925729,0.048820889053848626,1.0488208890538486
us_technology,BL,2026-02-17,-0.00484850499808038,0.04373567573117998,1.04373567573118
us_technology,BL,2026-02-18,0.015453975381789282,0.05986554116902476,1.0598655411690248
us_technology,BL,2026-02-19,0.000687941273231663,0.06059466641887101,1.060594666418871
us_technology,BL,2026-02-20,-0.002271082932685726,0.05818596797346953,1.0581859679734695
us_technology,BL,2026-02-23,-0.014175168939622939,0.04318600310790721,1.0431860031079072
us_technology,BL,2026-02-24,0.02091278244910687,0.06500192504485613,1.0650019250448561
us_technology,BL,2026-02-25,0.016373904904775687,0.08244016528894371,1.0824401652889437
us_technology,BL,2026-02-26,-0.027786992778386033,0.05236240823302496,1.052362408233025
us_technology,BL,2026-02-27,-0.019440204585121808,0.03190426771928334,1.0319042677192833
us_technology,BL,2026-03-02,0.006042652543592975,0.03813970666736188,1.0381397066673619
us_technology,BL,2026-03-03,-0.032829087143282844,0.004058527770276932,1.004058527770277
us_technology,BL,2026-03-04,0.02845287510444056,0.03262687965847322,1.0326268796584732
us_technology,BL,2026-03-05,0.0006131970664065065,0.033260083431772225,1.0332600834317722
us_technology,BL,2026-03-06,-0.033095363972907445,-0.0009360351080790474,0.999063964891921
us_technology,BL,2026-03-09,0.03366929892406499,0.03270174817012861,1.0327017481701286
us_technology,BL,2026-03-10,0.004912453023113241,0.0377748469949013,1.0377748469949013
us_technology,BL,2026-03-11,0.022794276838563752,0.06143017415340135,1.0614301741534014
us_technology,BL,2026-03-12,-0.026512991049319347,0.033288485446594684,1.0332884854465947
us_technology,BL,2026-03-13,-0.007079269158343378,0.02597355813990121,1.0259735581399012
us_technology,BL,2026-03-16,0.014289560548933187,0.04063426942054593,1.040634269420546
us_technology,BL,2026-03-17,0.007014725911770407,0.04793403359492632,1.0479340335949263
us_technology,BL,2026-03-18,-0.005212507950665061,0.042471669113040234,1.0424716691130402
us_technology,BL,2026-03-19,0.005536981400008432,0.0482438153549547,1.0482438153549547
us_technology,BL,2026-03-20,-0.026139584040128894,0.020843158048938548,1.0208431580489385
us_technology,BL,2026-03-23,0.008567334524223733,0.029589062880708727,1.0295890628807087
us_technology,BL,2026-03-24,-0.005358244609771838,0.024072272834248176,1.0240722728342482
us_technology,BL,2026-03-25,0.007359830841330895,0.03160927153160564,1.0316092715316056
us_technology,BL,2026-03-26,-0.04801079774889892,-0.017919112559787287,0.9820808874402127
us_technology,BL,2026-03-27,-0.014610710668826927,-0.032268012259560996,0.967731987740439
us_technology,BL,2026-03-30,-0.03217168131012887,-0.06340157736276386,0.9365984226372361
us_technology,BL,2026-03-31,0.04873757241378409,-0.01775404391684554,0.9822459560831545
us_technology,BL,2026-04-01,0.023602653681672414,0.005429567214808362,1.0054295672148084
us_technology,BL,2026-04-02,0.005003205183603305,0.01045993763724562,1.0104599376372456
us_technology,BL,2026-04-06,0.006802416465912319,0.017333506955174105,1.017333506955174
us_technology,BL,2026-04-07,0.007514302694368244,0.02497805886755855,1.0249780588675586
us_technology,BL,2026-04-08,0.04596624842728374,0.07209245495397987,1.0720924549539799
us_technology,BL,2026-04-09,0.011244733395386099,0.08414784878514237,1.0841478487851424
us_technology,BL,2026-04-10,0.017005992566291907,0.10258485904234393,1.102584859042344
us_technology,BL,2026-04-13,0.027189457794250235,0.13256354353185507,1.132563543531855
us_technology,BL,2026-04-14,0.033167294168459927,0.17012761174464952,1.1701276117446495
us_technology,BL,2026-04-15,0.012738401904306912,0.18503316754237953,1.1850331675423795
us_technology,BL,2026-04-16,0.019245477659207814,0.20783969689373682,1.2078396968937368
us_technology,BL,2026-04-17,0.0061537290694657345,0.21527241514776652,1.2152724151477665
us_technology,BL,2026-04-20,-0.005194367710166513,0.2089598433554669,1.208959843355467
us_technology,BL,2026-04-21,0.007505940732481114,0.21803422428764274,1.2180342242876427
us_technology,BL,2026-04-22,0.041422117418631776,0.26848778094599757,1.2684877809459976
us_technology,BL,2026-04-23,-0.014302520189614634,0.2503452088487379,1.250345208848738
us_technology,BL,2026-04-24,0.046478338220524745,0.3084591763580222,1.3084591763580222
us_technology,BL,2026-04-27,0.0034010613574196806,0.3129093263004945,1.3129093263004945
us_technology,BL,2026-04-28,-0.0349296286519157,0.2670498910791814,1.2670498910791814
us_technology,BL,2026-04-29,0.012673149991319592,0.283107404395313,1.283107404395313
us_technology,BL,2026-04-30,0.022397221434674857,0.31184544505602574,1.3118454450560257
us_technology,BL,2026-05-01,0.016582330500746183,0.3335988997918433,1.3335988997918433
us_technology,BL,2026-05-04,0.0032847364469608177,0.3379794207036164,1.3379794207036164
us_technology,BL,2026-05-05,0.04748056522154843,0.40150743985342396,1.401507439853424
us_technology,BL,2026-05-06,0.058830741880742346,0.4839591622913808,1.4839591622913808
us_technology,BL,2026-05-07,-0.011663365796421394,0.4666512037546253,1.4666512037546253
us_technology,BL,2026-05-08,0.06763801488963703,0.5658525797120846,1.5658525797120846
us_technology,BL,2026-05-11,0.022958742307025937,0.601802585580486,1.601802585580486
us_technology,BL,2026-05-12,-0.03221951006002656,0.550193291060199,1.550193291060199
us_technology,BL,2026-05-13,0.014443517904204504,0.5725835356146045,1.5725835356146045
us_technology,BL,2026-05-14,0.010959421315729499,0.5898181411355845,1.5898181411355845
us_technology,BL,2026-05-15,-0.03275118680810184,0.5377497102043438,1.5377497102043438
us_technology,BL,2026-05-18,-0.025383638472678632,0.4987160274990503,1.4987160274990503
us_technology,BL,2026-05-19,-0.013776414984590325,0.4780690935601666,1.4780690935601666
us_technology,BL,2026-05-20,0.04008708244879103,0.537320571178723,1.537320571178723
us_technology,BL,2026-05-21,0.010072156800151914,0.5528047050237341,1.5528047050237341
us_technology,BL,2026-05-22,0.015890151280954966,0.57747900669634,1.57747900669634
us_technology,BL,2026-05-26,0.05626371282132315,0.6662338325107691,1.666233832510769
us_technology,BL,2026-05-27,-0.008688580167692826,0.6517566262788772,1.6517566262788772
us_technology,BL,2026-05-28,0.02360148039129354,0.6907405279051875,1.6907405279051875
us_technology,BL,2026-05-29,0.03162101647886497,0.7442034619995623,1.7442034619995623
us_technology,BL,2026-06-01,0.03084111940662404,0.7979966492405379,1.797996649240538
us_technology,BL,2026-06-02,0.026966365392788783,0.8464820838589682,1.8464820838589682
us_technology,BL,2026-06-03,0.0004026110478759711,0.8472254979456346,1.8472254979456346
us_technology,BL,2026-06-04,-0.03134949003677178,0.7893159206021172,1.7893159206021172
us_technology,BL,2026-06-05,-0.09726870794040972,0.6152714729079445,1.6152714729079445
us_technology,BL,2026-06-08,0.04183099632627742,0.6828398879570976,1.6828398879570976
us_technology,BL,2026-06-09,-0.016433787290726042,0.6551844551940613,1.6551844551940613
us_technology,BL,2026-06-10,-0.03851454391318799,0.5914357808100634,1.5914357808100634
us_technology,BL,2026-06-11,0.04835348951531021,0.6683872541517522,1.6683872541517522
us_technology,BL,2026-06-12,0.012130891457221167,0.6886262788404782,1.6886262788404782
us_technology,BL,2026-06-15,0.05281416134577211,0.7778096595838702,1.7778096595838702
us_technology,BL,2026-06-16,-0.041245952534357935,0.7044822067495509,1.7044822067495509
us_technology,BL,2026-06-17,0.011461920599578852,0.7240188464667094,1.7240188464667094
us_technology,BL,2026-06-18,0.044722872452079225,0.8011219214422207,1.8011219214422207
us_technology,BL,2026-06-22,0.0022238714016680895,0.8051273849742335,1.8051273849742335
us_technology,BL,2026-06-23,-0.06839994090295114,0.6816567785196974,1.6816567785196974
us_technology,BL,2026-06-24,-0.009949461834018644,0.6649251985838969,1.6649251985838969
us_technology,BL,2026-06-25,0.042711012489229996,0.7360358395342474,1.7360358395342474
us_technology,BL,2026-06-26,-0.04177288282701091,0.663516617825892,1.663516617825892
us_technology,BL,2026-06-29,0.026913288902129757,0.7082873211549339,1.7082873211549339
us_technology,BL,2026-06-30,0.021583313222664182,0.7451578214817267,1.7451578214817267
us_technology,BL,2026-07-01,-0.05206761648357909,0.6542916133294978,1.6542916133294978
us_technology,BL,2026-07-02,-0.03683093547139671,0.5933625056680862,1.5933625056680862
us_technology,BL,2026-07-06,0.0244901652379554,0.6323842167158604,1.6323842167158604
us_technology,BL,2026-07-07,-0.030846675053726742,0.5820305912199941,1.5820305912199941
us_technology,BL,2026-07-08,0.019880018716901843,0.613481388984159,1.613481388984159
us_technology,BL,2026-07-09,0.030274327251281867,0.6623284525681181,1.6623284525681181
us_technology,BL,2026-07-10,0.006114352646341895,0.6724925149411674,1.6724925149411674
us_technology,BL,2026-07-13,-0.04324445450576044,0.6001664884675693,1.6001664884675693
us_technology,BL,2026-07-14,0.01730456995355744,0.6278566814045947,1.6278566814045947
us_technology,BL,2026-07-15,-0.013566752992468983,0.6057719519008382,1.6057719519008382
us_technology,BL,2026-07-16,-0.045915679829243605,0.5320418410785797,1.5320418410785797
us_technology,BL,2026-07-17,-0.012087516788212033,0.5135232596042989,1.513523259604299
us_technology,BL,2026-07-20,0.0006527034911042205,0.5145111415197099,1.51451114151971
us_technology,BL,2026-07-21,0.05665820055191946,0.6003206175140501,1.60032061751405
us_technology,BL,2026-07-22,0.004852160317230303,0.6080856297091972,1.6080856297091972
us_technology,BL,2026-07-23,-0.009685842002195865,0.5925099663738322,1.5925099663738322
us_technology,BL,2026-07-24,-0.0366401637765448,0.5341601403901153,1.5341601403901153
us_technology,BL,2026-07-27,-0.015291573728018475,0.5107004174927527,1.5107004174927527
us_technology,BL,2026-07-28,-0.04188873581807109,0.4474190868041492,1.4474190868041492
us_technology,BL,2026-07-29,-0.05246517373557142,0.37147999294678735,1.3714799929467874
us_technology,BL,2026-07-30,0.09043795626772944,0.4955138405709749,1.495513840570975
us_technology,MVO,2026-01-02,0.028801199993726153,0.0288011999937261,1.028801199993726
us_technology,MVO,2026-01-05,0.0032593440717609734,0.03215441708594624,1.0321544170859462
us_technology,MVO,2026-01-06,0.020499811206057424,0.053313387771706466,1.0533133877717065
us_technology,MVO,2026-01-07,-0.008591441486739765,0.04426390743346631,1.0442639074334663
us_technology,MVO,2026-01-08,-0.021436859105878055,0.021878169180461482,1.0218781691804615
us_technology,MVO,2026-01-09,0.028774834118611536,0.05128254398805976,1.0512825439880598
us_technology,MVO,2026-01-12,0.016935015063825446,0.0690860297068343,1.0690860297068343
us_technology,MVO,2026-01-13,0.0013034250773384108,0.07047950324778651,1.0704795032477865
us_technology,MVO,2026-01-14,-0.011569786110987926,0.05809428435901309,1.058094284359013
us_technology,MVO,2026-01-15,0.010178732811258303,0.06886434336862313,1.0688643433686231
us_technology,MVO,2026-01-16,0.025622280875485563,0.09625108579220543,1.0962510857922054
us_technology,MVO,2026-01-20,-0.03063404197050965,0.06266848401983016,1.0626684840198302
us_technology,MVO,2026-01-21,0.027315233781115358,0.09169552209265519,1.0916955220926552
us_technology,MVO,2026-01-22,0.0034100583450626487,0.09541826751803484,1.0954182675180348
us_technology,MVO,2026-01-23,0.004069675714815872,0.09987626463891885,1.0998762646389189
us_technology,MVO,2026-01-26,-0.0038907583898922554,0.09559691183443153,1.0955969118344315
us_technology,MVO,2026-01-27,0.014737019397247988,0.11174274477570068,1.1117427447757007
us_technology,MVO,2026-01-28,0.0129419128592608,0.12613082250050311,1.1261308225005031
us_technology,MVO,2026-01-29,0.007029912850448297,0.13404742404088532,1.1340474240408853
us_technology,MVO,2026-01-30,-0.029415333224993293,0.1006890411697774,1.1006890411697774
us_technology,MVO,2026-02-02,0.013923819529585395,0.1160148367372178,1.1160148367372178
us_technology,MVO,2026-02-03,-0.03551074973726179,0.07638431316677141,1.0763843131667714
us_technology,MVO,2026-02-04,-0.06892735536860538,0.0021919890999331226,1.0021919890999331
us_technology,MVO,2026-02-05,-0.008464434196245103,-0.006290999043807255,0.9937090009561927
us_technology,MVO,2026-02-06,0.05813837312344506,0.051481625629909766,1.0514816256299098
us_technology,MVO,2026-02-09,0.021989173449713975,0.07460283747507312,1.0746028374750731
us_technology,MVO,2026-02-10,-0.008456483624689806,0.0655154761769201,1.06551547617692
us_technology,MVO,2026-02-11,0.010613626902169604,0.07682445989954934,1.0768244598995493
us_technology,MVO,2026-02-12,-0.024376275478263737,0.05057549022330532,1.0505754902233053
us_technology,MVO,2026-02-13,0.010242257571553715,0.06133575499253374,1.0613357549925337
us_technology,MVO,2026-02-17,-0.006620565538140566,0.05430911206863365,1.0543091120686336
us_technology,MVO,2026-02-18,0.015752001036875022,0.07091659029512565,1.0709165902951256
us_technology,MVO,2026-02-19,-0.0006492491535064925,0.0702212986054005,1.0702212986054005
us_technology,MVO,2026-02-20,-0.00019349340567648485,0.07001421784150574,1.0700142178415057
us_technology,MVO,2026-02-23,-0.02988171265273181,0.03804036044962844,1.0380403604496284
us_technology,MVO,2026-02-24,0.020100868075813273,0.05890587279239612,1.0589058727923961
us_technology,MVO,2026-02-25,0.020433585428447438,0.08054311640478429,1.0805431164047843
us_technology,MVO,2026-02-26,-0.025624746900365425,0.0528544725319795,1.0528544725319795
us_technology,MVO,2026-02-27,-0.016703996162992733,0.0352675954626156,1.0352675954626156
us_technology,MVO,2026-03-02,0.005128416656660771,0.04057687904328722,1.0405768790432872
us_technology,MVO,2026-03-03,-0.026988926953363215,0.012492825665429308,1.0124928256654293
us_technology,MVO,2026-03-04,0.029249577842502015,0.04210781338470504,1.042107813384705
us_technology,MVO,2026-03-05,0.004880793839921182,0.0471941267808067,1.0471941267808067
us_technology,MVO,2026-03-06,-0.030203247774572946,0.015565463101568477,1.0155654631015685
us_technology,MVO,2026-03-09,0.02914467599883546,0.04516378947927091,1.045163789479271
us_technology,MVO,2026-03-10,0.00587874929975657,0.051308045374802935,1.051308045374803
us_technology,MVO,2026-03-11,0.01820403805206802,0.07044609703725113,1.0704460970372511
us_technology,MVO,2026-03-12,-0.023801966720272433,0.044967374659725,1.044967374659725
us_technology,MVO,2026-03-13,-0.005640739627377823,0.039072985780164826,1.0390729857801648
us_technology,MVO,2026-03-16,0.01615248218050928,0.055856593667227505,1.0558565936672275
us_technology,MVO,2026-03-17,0.009853159824799231,0.0662601174366988,1.0662601174366988
us_technology,MVO,2026-03-18,-0.006424226206059408,0.059410221247786055,1.059410221247786
us_technology,MVO,2026-03-19,0.0033260572009898583,0.06293388024296953,1.0629338802429695
us_technology,MVO,2026-03-20,-0.02836318458771559,0.03278569039310142,1.0327856903931014
us_technology,MVO,2026-03-23,0.012342125353317475,0.045532460847045764,1.0455324608470458
us_technology,MVO,2026-03-24,-0.007998417257646601,0.03716985596877698,1.037169855968777
us_technology,MVO,2026-03-25,0.006916655248001463,0.044343602296132545,1.0443436022961325
us_technology,MVO,2026-03-26,-0.04688340309677108,-0.00461877978185099,0.995381220218149
us_technology,MVO,2026-03-27,-0.014188530012039114,-0.01874177609833627,0.9812582239016637
us_technology,MVO,2026-03-30,-0.031254768475652145,-0.04941077470121236,0.9505892252987876
us_technology,MVO,2026-03-31,0.04764808222349458,-0.004117021133407728,0.9958829788665923
us_technology,MVO,2026-04-01,0.025870539476278306,0.021647008785114163,1.0216470087851142
us_technology,MVO,2026-04-02,0.008081381004496237,0.02990332751521052,1.0299033275152105
us_technology,MVO,2026-04-06,0.007074877274598138,0.03718976716208089,1.0371897671620809
us_technology,MVO,2026-04-07,0.008633562208478761,0.04614440953887233,1.0461444095388723
us_technology,MVO,2026-04-08,0.040984298830641565,0.08901990463941845,1.0890199046394184
us_technology,MVO,2026-04-09,0.010078089612868197,0.09999514482857186,1.0999951448285719
us_technology,MVO,2026-04-10,0.012619711312833768,0.11387676600182717,1.1138767660018272
us_technology,MVO,2026-04-13,0.022948123529222545,0.13943814762436801,1.139438147624368
us_technology,MVO,2026-04-14,0.031122286662091554,0.17490006828845606,1.174900068288456
us_technology,MVO,2026-04-15,0.013319426462134918,0.1905490633483815,1.1905490633483815
us_technology,MVO,2026-04-16,0.019465589901213887,0.2137238031727955,1.2137238031727955
us_technology,MVO,2026-04-17,0.007262894924118389,0.222538951622141,1.222538951622141
us_technology,MVO,2026-04-20,-0.006741265722407666,0.2142974916932625,1.2142974916932625
us_technology,MVO,2026-04-21,0.009085089531808626,0.22532949312354655,1.2253294931235466
us_technology,MVO,2026-04-22,0.03705783481675802,0.27073755107582076,1.2707375510758208
us_technology,MVO,2026-04-23,-0.022128408276341507,0.24261815173353662,1.2426181517335366
us_technology,MVO,2026-04-24,0.036789899512685006,0.28833394866845174,1.2883339486684517
us_technology,MVO,2026-04-27,4.9830804537350864e-06,0.2883403685401693,1.2883403685401693
us_technology,MVO,2026-04-28,-0.029450833327651933,0.25039767107700706,1.250397671077007
us_technology,MVO,2026-04-29,0.005491500500334033,0.2572642305133428,1.2572642305133428
us_technology,MVO,2026-04-30,0.010589244444825379,0.27057770878198406,1.270577708781984
us_technology,MVO,2026-05-01,0.01557132650897379,0.29036228914045226,1.2903622891404523
us_technology,MVO,2026-05-04,0.003941319099932165,0.29544801867647386,1.2954480186764739
us_technology,MVO,2026-05-05,0.03499206662075434,0.3407784220497252,1.3407784220497252
us_technology,MVO,2026-05-06,0.05110747138210571,0.4093022168843765,1.4093022168843765
us_technology,MVO,2026-05-07,-0.013289045294972874,0.3905739358898943,1.3905739358898943
us_technology,MVO,2026-05-08,0.05921413653683459,0.47291557079424207,1.472915570794242
us_technology,MVO,2026-05-11,0.011026287320671093,0.48915636107690963,1.4891563610769096
us_technology,MVO,2026-05-12,-0.021857109096036106,0.4566077080317954,1.4566077080317954
us_technology,MVO,2026-05-13,0.0091656507383384,0.46995846554638643,1.4699584655463864
us_technology,MVO,2026-05-14,0.018165321648149726,0.49666073388245713,1.4966607338824571
us_technology,MVO,2026-05-15,-0.03213715085415588,0.4485623221001849,1.4485623221001849
us_technology,MVO,2026-05-18,-0.02244799329924749,0.4160450048001374,1.4160450048001374
us_technology,MVO,2026-05-19,-0.00873613076922043,0.4036742504631021,1.4036742504631021
us_technology,MVO,2026-05-20,0.03651489623765181,0.4549292700702259,1.4549292700702259
us_technology,MVO,2026-05-21,0.022908545033685272,0.48825958277445647,1.4882595827744565
us_technology,MVO,2026-05-22,0.004199996329807138,0.49451026755990957,1.4945102675599096
us_technology,MVO,2026-05-26,0.04967121874518412,0.5687444139768016,1.5687444139768016
us_technology,MVO,2026-05-27,0.00075109580608739,0.5699226913269628,1.5699226913269628
us_technology,MVO,2026-05-28,0.021330072889035726,0.6034092567631182,1.6034092567631182
us_technology,MVO,2026-05-29,0.0420876493899111,0.6708929833903023,1.6708929833903023
us_technology,MVO,2026-06-01,0.046056938472343205,0.7478491987201796,1.7478491987201796
us_technology,MVO,2026-06-02,0.026635067351956178,0.7944032798491543,1.7944032798491543
us_technology,MVO,2026-06-03,-0.011244102962096329,0.774226824615007,1.774226824615007
us_technology,MVO,2026-06-04,-0.03193107228804724,0.7175738596228327,1.7175738596228327
us_technology,MVO,2026-06-05,-0.08991183464358998,0.5631436427682719,1.563143642768272
us_technology,MVO,2026-06-08,0.03930179109035674,0.6245779876605699,1.62457798766057
us_technology,MVO,2026-06-09,-0.011122734378867394,0.6065082382260665,1.6065082382260665
us_technology,MVO,2026-06-10,-0.03325982388694556,0.5530760571497402,1.5530760571497402
us_technology,MVO,2026-06-11,0.047837353991107195,0.6273711062707255,1.6273711062707255
us_technology,MVO,2026-06-12,0.006382204309290738,0.6377573211579817,1.6377573211579817
us_technology,MVO,2026-06-15,0.044264914249250754,0.7102525085401226,1.7102525085401226
us_technology,MVO,2026-06-16,-0.035902620650136295,0.6488499615100627,1.6488499615100627
us_technology,MVO,2026-06-17,0.008564194557720147,0.6629710333769243,1.6629710333769243
us_technology,MVO,2026-06-18,0.03077018452557905,0.714140958934625,1.714140958934625
us_technology,MVO,2026-06-22,0.00846604839805296,0.7286529592540505,1.7286529592540505
us_technology,MVO,2026-06-23,-0.04999670875379955,0.6422260007138321,1.642226000713832
us_technology,MVO,2026-06-24,-0.00546857530222924,0.6332453641656497,1.6332453641656497
us_technology,MVO,2026-06-25,0.03785078465254416,0.6950649827294499,1.69506498272945
us_technology,MVO,2026-06-26,-0.025155143150196315,0.6524253804400055,1.6524253804400055
us_technology,MVO,2026-06-29,0.031043913301768866,0.7037231306880274,1.7037231306880274
us_technology,MVO,2026-06-30,0.025807221832545982,0.7476914914629331,1.7476914914629331
us_technology,MVO,2026-07-01,-0.046444334800945085,0.6665211227046655,1.6665211227046655
us_technology,MVO,2026-07-02,-0.031218197596319473,0.6144953369976309,1.614495336997631
us_technology,MVO,2026-07-06,0.02262287622615181,0.6510198651742276,1.6510198651742276
us_technology,MVO,2026-07-07,-0.024902881899744638,0.6099047124576615,1.6099047124576615
us_technology,MVO,2026-07-08,0.016310736463123924,0.6361634439532997,1.6361634439532997
us_technology,MVO,2026-07-09,0.02315584559663635,0.674050192032343,1.674050192032343
us_technology,MVO,2026-07-10,0.004274644224560321,0.6812061610173379,1.6812061610173379
us_technology,MVO,2026-07-13,-0.035878055381342706,0.6208877532649033,1.6208877532649033
us_technology,MVO,2026-07-14,-0.015942425836252064,0.5950468704695884,1.5950468704695884
us_technology,MVO,2026-07-15,-0.01933384995803792,0.5642084735998916,1.5642084735998916
us_technology,MVO,2026-07-16,-0.03307471283528721,0.5124727275210523,1.5124727275210523
us_technology,MVO,2026-07-17,-0.018027757946776045,0.4852062352882027,1.4852062352882027
us_technology,MVO,2026-07-20,0.0037249393759781367,0.4907385384754761,1.490738538475476
us_technology,MVO,2026-07-21,0.050694925228888306,0.5663114172193127,1.5663114172193127
us_technology,MVO,2026-07-22,0.0007301416300632797,0.567455046390668,1.567455046390668
us_technology,MVO,2026-07-23,-0.0041662501619059876,0.5609246365498626,1.5609246365498626
us_technology,MVO,2026-07-24,-0.02664417276277299,0.5193350908639593,1.5193350908639593
us_technology,MVO,2026-07-27,-0.017801541318927794,0.4922885844666478,1.4922885844666478
us_technology,MVO,2026-07-28,-0.02988672865699596,0.4476889604647605,1.4476889604647605
us_technology,MVO,2026-07-29,-0.04785113291115224,0.3784154036035534,1.3784154036035534
us_technology,MVO,2026-07-30,0.08577509734651388,0.4966491190315825,1.4966491190315825
us_technology,EW,2026-01-02,0.003114202945794514,0.003114202945794453,1.0031142029457945
us_technology,EW,2026-01-05,0.001717631164589573,0.004837183162416769,1.0048371831624168
us_technology,EW,2026-01-06,0.02047482809024609,0.025411051746354385,1.0254110517463544
us_technology,EW,2026-01-07,-0.005600849413472594,0.01966787885861243,1.0196678788586124
us_technology,EW,2026-01-08,-0.011088665135152375,0.008361123200878229,1.0083611232008782
us_technology,EW,2026-01-09,0.011596733676332746,0.020054818596206614,1.0200548185962066
us_technology,EW,2026-01-12,0.0020648523234881332,0.022161081158470264,1.0221610811584703
us_technology,EW,2026-01-13,-0.012310683347862887,0.009577579757819255,1.0095775797578193
us_technology,EW,2026-01-14,-0.013325500527907892,-0.003875546814207542,0.9961244531857925
us_technology,EW,2026-01-15,-0.0019388150644608663,-0.005806847910122093,0.9941931520898779
us_technology,EW,2026-01-16,0.006611491833111694,0.0007662519954556579,1.0007662519954557
us_technology,EW,2026-01-20,-0.02791193923019648,-0.027167074813873038,0.972832925186127
us_technology,EW,2026-01-21,0.013958791433835802,-0.013587502911231564,0.9864124970887684
us_technology,EW,2026-01-22,0.010793152819039534,-0.0029410020875421106,0.9970589979124579
us_technology,EW,2026-01-23,0.004877149972990832,0.0019218041771968952,1.001921804177197
us_technology,EW,2026-01-26,0.0052141866770944,0.007146011500028138,1.0071460115000281
us_technology,EW,2026-01-27,0.004866147223141767,0.012046932267187227,1.0120469322671872
us_technology,EW,2026-01-28,0.011371431228913867,0.023555354357896796,1.0235553543578968
us_technology,EW,2026-01-29,-0.013584676053016737,0.009650686446613932,1.009650686446614
us_technology,EW,2026-01-30,-0.015551992107726328,-0.006051393060564236,0.9939486069394358
us_technology,EW,2026-02-02,0.010552995972313446,0.004437742585154059,1.004437742585154
us_technology,EW,2026-02-03,-0.03554675523613003,-0.031266760000451366,0.9687332399995486
us_technology,EW,2026-02-04,-0.026313984371787724,-0.05675799133823067,0.9432420086617693
us_technology,EW,2026-02-05,-0.020313509400411114,-0.07591854674804421,0.9240814532519558
us_technology,EW,2026-02-06,0.032006982959644444,-0.04634148742048527,0.9536585125795147
us_technology,EW,2026-02-09,0.0143415589901997,-0.03266453760582011,0.9673354623941799
us_technology,EW,2026-02-10,-0.005947283258103033,-0.03841755560628635,0.9615824443937137
us_technology,EW,2026-02-11,-0.0033167946063543483,-0.041606927071416444,0.9583930729285836
us_technology,EW,2026-02-12,-0.023905338968478535,-0.06451763834481605,0.935482361655184
us_technology,EW,2026-02-13,0.009289757088011275,-0.055827234444920326,0.9441727655550797
us_technology,EW,2026-02-17,-0.007826237372077454,-0.06321655462840525,0.9367834453715947
us_technology,EW,2026-02-18,0.0124271499113167,-0.05157500631833267,0.9484249936816673
us_technology,EW,2026-02-19,-0.006656029146731521,-0.057887750719766484,0.9421122492802335
us_technology,EW,2026-02-20,0.0009730449287899399,-0.05697103317325347,0.9430289668267465
us_technology,EW,2026-02-23,-0.027651711030164297,-0.08304739765702107,0.9169526023429789
us_technology,EW,2026-02-24,0.017270819783115964,-0.06721087451229635,0.9327891254877037
us_technology,EW,2026-02-25,0.020485564242323354,-0.0481021629575773,0.9518978370424227
us_technology,EW,2026-02-26,-0.0072016796352059615,-0.05495742622540234,0.9450425737745977
us_technology,EW,2026-02-27,-0.01049076852962786,-0.06487164911751542,0.9351283508824846
us_technology,EW,2026-03-02,0.0032303795107541202,-0.06185082965289923,0.9381491703471008
us_technology,EW,2026-03-03,-0.009475935474266211,-0.0707406706563447,0.9292593293436553
us_technology,EW,2026-03-04,0.01614479345833656,-0.055737970714859086,0.9442620292851409
us_technology,EW,2026-03-05,0.00892674013052772,-0.0473087889643059,0.9526912110356941
us_technology,EW,2026-03-06,-0.015331983067201651,-0.061915434480177,0.938084565519823
us_technology,EW,2026-03-09,0.011191829813468552,-0.051416551672237576,0.9485834483277624
us_technology,EW,2026-03-10,-0.003529829022269286,-0.054764889058189214,0.9452351109418108
us_technology,EW,2026-03-11,0.007607441485347873,-0.04757406826180299,0.952425931738197
us_technology,EW,2026-03-12,-0.017576300045020102,-0.06431419220869139,0.9356858077913086
us_technology,EW,2026-03-13,-0.011977141256818619,-0.07552103330060833,0.9244789666993917
us_technology,EW,2026-03-16,0.0146537955680005,-0.061973907515679216,0.9380260924843208
us_technology,EW,2026-03-17,0.006662895390666813,-0.05572393778774021,0.9442760622122598
us_technology,EW,2026-03-18,-0.013033955352057243,-0.06803158982263124,0.9319684101773688
us_technology,EW,2026-03-19,0.0029329726148292325,-0.06529815199769506,0.9347018480023049
us_technology,EW,2026-03-20,-0.01598033037323541,-0.08023499632924558,0.9197650036707544
us_technology,EW,2026-03-23,0.008045689749534485,-0.07283485246723131,0.9271651475327687
us_technology,EW,2026-03-24,-0.012431128860759168,-0.08436056189141594,0.9156394381085841
us_technology,EW,2026-03-25,0.0035711901635538407,-0.0810906393366807,0.9189093606633193
us_technology,EW,2026-03-26,-0.019680675668825472,-0.09917539643294326,0.9008246035670567
us_technology,EW,2026-03-27,-0.020609058650122525,-0.11774054352133012,0.8822594564786699
us_technology,EW,2026-03-30,-0.012065232762659594,-0.12838520922080277,0.8716147907791972
us_technology,EW,2026-03-31,0.032309203394605114,-0.10022402966377153,0.8997759703362285
us_technology,EW,2026-04-01,0.010184342026895814,-0.09106040343428523,0.9089395965657148
us_technology,EW,2026-04-02,0.005377114862280546,-0.08617293082067645,0.9138270691793235
us_technology,EW,2026-04-06,0.004692735428572346,-0.08188458215755012,0.9181154178424499
us_technology,EW,2026-04-07,-0.001619353511379774,-0.08337133558328524,0.9166286644167148
us_technology,EW,2026-04-08,0.021477465526273953,-0.06368447504288077,0.9363155249571192
us_technology,EW,2026-04-09,-0.003620384005767808,-0.06707429679378762,0.9329257032062124
us_technology,EW,2026-04-10,-0.0010376407169522966,-0.06804233848932573,0.9319576615106743
us_technology,EW,2026-04-13,0.028552376240313794,-0.04143273269782999,0.95856726730217
us_technology,EW,2026-04-14,0.01571663560269531,-0.026367280256970438,0.9736327197430296
us_technology,EW,2026-04-15,0.02013671573247941,-0.006761514951664216,0.9932384850483358
us_technology,EW,2026-04-16,0.01688390786018564,0.010008232113082327,1.0100082321130823
us_technology,EW,2026-04-17,0.009594875290547526,0.01969913514263366,1.0196991351426337
us_technology,EW,2026-04-20,0.004790096545383473,0.024583592447210867,1.0245835924472109
us_technology,EW,2026-04-21,0.004099043314128108,0.028783404971596926,1.028783404971597
us_technology,EW,2026-04-22,0.025557180806357792,0.05507620846303629,1.0550762084630363
us_technology,EW,2026-04-23,-0.01708093070809747,0.03705452485451688,1.0370545248545169
us_technology,EW,2026-04-24,0.029218710437165587,0.06735592072379326,1.0673559207237933
us_technology,EW,2026-04-27,-0.004548450120562806,0.06250110555749377,1.0625011055574938
us_technology,EW,2026-04-28,-0.011513301950675327,0.05026820950628408,1.050268209506284
us_technology,EW,2026-04-29,0.006268979367582674,0.0568523192421071,1.056852319242107
us_technology,EW,2026-04-30,0.014353855936622972,0.07202222517879409,1.072022225178794
us_technology,EW,2026-05-01,0.016703754039098365,0.08992902075262754,1.0899290207526275
us_technology,EW,2026-05-04,0.002005630116452534,0.09211501522144472,1.0921150152214447
us_technology,EW,2026-05-05,0.02590398992269904,0.12040515157016918,1.1204051515701692
us_technology,EW,2026-05-06,0.022103156930012382,0.1451696424605189,1.1451696424605189
us_technology,EW,2026-05-07,0.004816582053433041,0.1506854460085305,1.1506854460085305
us_technology,EW,2026-05-08,0.031938759912363564,0.18743691220324799,1.187436912203248
us_technology,EW,2026-05-11,0.00967360095359056,0.19892370304946594,1.198923703049466
us_technology,EW,2026-05-12,-0.02336261118363717,0.17091371473627492,1.170913714736275
us_technology,EW,2026-05-13,0.0038832303948811006,0.17546064246312199,1.175460642463122
us_technology,EW,2026-05-14,0.016694669711058267,0.19508456964739218,1.1950845696473922
us_technology,EW,2026-05-15,-0.0033303742055756274,0.19110449082315717,1.1911044908231572
us_technology,EW,2026-05-18,-0.004179550645056199,0.18612620928020807,1.186126209280208
us_technology,EW,2026-05-19,-0.010181017321155679,0.17405023779844941,1.1740502377984494
us_technology,EW,2026-05-20,0.017882536849689948,0.19504523443926747,1.1950452344392675
us_technology,EW,2026-05-21,-0.001966606624261959,0.19269505056492653,1.1926950505649265
us_technology,EW,2026-05-22,0.01868326744476532,0.21497849117467882,1.2149784911746788
us_technology,EW,2026-05-26,0.022114080018088324,0.2418466227487719,1.2418466227487719
us_technology,EW,2026-05-27,-0.005272498917181973,0.2352989877750229,1.235298987775023
us_technology,EW,2026-05-28,0.017101987859797583,0.2564250560671715,1.2564250560671715
us_technology,EW,2026-05-29,0.04010312354104235,0.3068116253106943,1.3068116253106943
us_technology,EW,2026-06-01,0.02963209401812415,0.3455351902558783,1.3455351902558783
us_technology,EW,2026-06-02,0.00953433549292384,0.358363974177313,1.358363974177313
us_technology,EW,2026-06-03,-0.014691666344568715,0.33840734389421745,1.3384073438942174
us_technology,EW,2026-06-04,-0.015997036141669613,0.31699679324166574,1.3169967932416657
us_technology,EW,2026-06-05,-0.06478155292500572,0.2316796957782179,1.231679695778218
us_technology,EW,2026-06-08,0.017672324930124522,0.25344633957184737,1.2534463395718474
us_technology,EW,2026-06-09,-0.022812441851406955,0.22485216783650563,1.2248521678365056
us_technology,EW,2026-06-10,-0.028159795572217552,0.1903605811840421,1.190360581184042
us_technology,EW,2026-06-11,0.021027086880993848,0.21539039654430936,1.2153903965443094
us_technology,EW,2026-06-12,0.0005027131154586206,0.2160013892370547,1.2160013892370547
us_technology,EW,2026-06-15,0.029946734022198107,0.2524166594111603,1.2524166594111603
us_technology,EW,2026-06-16,-0.02182478440957808,0.22508293582854777,1.2250829358285478
us_technology,EW,2026-06-17,-0.011579177107074907,0.21089748354373383,1.2108974835437338
us_technology,EW,2026-06-18,0.022030953508093448,0.2375747097067531,1.237574709706753
us_technology,EW,2026-06-22,-0.0010008509120080452,0.236336081929865,1.236336081929865
us_technology,EW,2026-06-23,-0.03163473967565367,0.197224911826396,1.197224911826396
us_technology,EW,2026-06-24,-0.007989876881352992,0.1876592321816144,1.1876592321816144
us_technology,EW,2026-06-25,0.00972859231723253,0.19921348466330668,1.1992134846633067
us_technology,EW,2026-06-26,-0.009307194374647295,0.1880521716648471,1.1880521716648471
us_technology,EW,2026-06-29,0.015197901437765868,0.20610807147273325,1.2061080714727332
us_technology,EW,2026-06-30,0.012968918182955428,0.2217499883714653,1.2217499883714653
us_technology,EW,2026-07-01,-0.013014952207272097,0.20584897066357533,1.2058489706635753
us_technology,EW,2026-07-02,-0.009645696885402899,0.19421771700297952,1.1942177170029795
us_technology,EW,2026-07-06,0.016630502438059094,0.21407815765717086,1.2140781576571709
us_technology,EW,2026-07-07,-0.011412148492760394,0.20022291744017018,1.2002229174401702
us_technology,EW,2026-07-08,0.0075721787984664325,0.20931121996904412,1.2093112199690441
us_technology,EW,2026-07-09,0.017005338306423666,0.22987596638237173,1.2298759663823717
us_technology,EW,2026-07-10,0.004023710365130213,0.23482463105612905,1.234824631056129
us_technology,EW,2026-07-13,-0.012769142022698063,0.2190569799690476,1.2190569799690476
us_technology,EW,2026-07-14,-0.016974662359260134,0.19836389933737375,1.1983638993373738
us_technology,EW,2026-07-15,-0.0070240613306869525,0.18994651781194682,1.1899465178119468
us_technology,EW,2026-07-16,-0.011164744364724432,0.1766610691328825,1.1766610691328825
us_technology,EW,2026-07-17,-0.00956219963018696,0.1654096010927646,1.1654096010927646
us_technology,EW,2026-07-20,0.0005823819244357802,0.16608831457900486,1.1660883145790049
us_technology,EW,2026-07-21,0.02241582616805115,0.19222714753520354,1.1922271475352035
us_technology,EW,2026-07-22,-0.006611237555402841,0.18434505064284812,1.1843450506428481
us_technology,EW,2026-07-23,-0.013772603237851433,0.16803353616363115,1.1680335361636311
us_technology,EW,2026-07-24,-0.0020166139341189727,0.1656780634590853,1.1656780634590853
us_technology,EW,2026-07-27,0.006024791006652493,0.17270103017246563,1.1727010301724656
us_technology,EW,2026-07-28,-0.0064635673225469144,0.1651211981147258,1.1651211981147258
us_technology,EW,2026-07-29,-0.018019145238368135,0.14412671002559518,1.1441267100255952
us_technology,EW,2026-07-30,0.03992855203670168,0.18981003290343246,1.1898100329034325
us_technology,BLM_LLM__gpt_oss_20b,2026-01-02,0.03251986269221257,0.03251986269221252,1.0325198626922125
us_technology,BLM_LLM__gpt_oss_20b,2026-01-05,0.002601735990060862,0.03520620677943165,1.0352062067794316
us_technology,BLM_LLM__gpt_oss_20b,2026-01-06,0.02046952995303312,0.05639639123666895,1.056396391236669
us_technology,BLM_LLM__gpt_oss_20b,2026-01-07,-0.007218421576994531,0.04877087673230718,1.0487708767323072
us_technology,BLM_LLM__gpt_oss_20b,2026-01-08,-0.024359613807915625,0.023223223202119003,1.023223223202119
us_technology,BLM_LLM__gpt_oss_20b,2026-01-09,0.028259576336823584,0.05213907798780992,1.05213907798781
us_technology,BLM_LLM__gpt_oss_20b,2026-01-12,0.009774906864295536,0.06242363948342655,1.0624236394834266
us_technology,BLM_LLM__gpt_oss_20b,2026-01-13,0.0027023308671534404,0.0652946596783961,1.065294659678396
us_technology,BLM_LLM__gpt_oss_20b,2026-01-14,-0.017073371981872913,0.0471064876834042,1.0471064876834042
us_technology,BLM_LLM__gpt_oss_20b,2026-01-15,0.012671402505382179,0.060374795454837704,1.0603747954548377
us_technology,BLM_LLM__gpt_oss_20b,2026-01-16,0.02084166548978079,0.08247477223550215,1.0824747722355021
us_technology,BLM_LLM__gpt_oss_20b,2026-01-20,-0.02988548761833501,0.05012448583269813,1.0501244858326981
us_technology,BLM_LLM__gpt_oss_20b,2026-01-21,0.023942641238489912,0.07526723965274429,1.0752672396527443
us_technology,BLM_LLM__gpt_oss_20b,2026-01-22,0.0070079024896610095,0.08280260761855773,1.0828026076185577
us_technology,BLM_LLM__gpt_oss_20b,2026-01-23,0.0036638857750533466,0.08676987268980185,1.0867698726898019
us_technology,BLM_LLM__gpt_oss_20b,2026-01-26,-0.005230156660432598,0.08108589600179572,1.0810858960017957
us_technology,BLM_LLM__gpt_oss_20b,2026-01-27,0.012963071496218677,0.09510008976522077,1.0951000897652208
us_technology,BLM_LLM__gpt_oss_20b,2026-01-28,0.011966260810524017,0.10820434305297955,1.1082043430529795
us_technology,BLM_LLM__gpt_oss_20b,2026-01-29,-0.0020707563044652963,0.10590952192296688,1.1059095219229669
us_technology,BLM_LLM__gpt_oss_20b,2026-01-30,-0.02990774304297429,0.07283426411251614,1.0728342641125161
us_technology,BLM_LLM__gpt_oss_20b,2026-02-02,0.00930280266834922,0.0828146295673986,1.0828146295673986
us_technology,BLM_LLM__gpt_oss_20b,2026-02-03,-0.0310267530061562,0.04921840750435846,1.0492184075043585
us_technology,BLM_LLM__gpt_oss_20b,2026-02-04,-0.06767080663171067,-0.021783048464300347,0.9782169515356997
us_technology,BLM_LLM__gpt_oss_20b,2026-02-05,-0.020830042561197377,-0.04215934919887365,0.9578406508011263
us_technology,BLM_LLM__gpt_oss_20b,2026-02-06,0.05654646383777214,0.012003152524000305,1.0120031525240003
us_technology,BLM_LLM__gpt_oss_20b,2026-02-09,0.029267260192888677,0.04162171210494381,1.0416217121049438
us_technology,BLM_LLM__gpt_oss_20b,2026-02-10,-0.005091557628431563,0.03631823513073584,1.0363182351307358
us_technology,BLM_LLM__gpt_oss_20b,2026-02-11,0.020180643391855546,0.05723180387438642,1.0572318038743864
us_technology,BLM_LLM__gpt_oss_20b,2026-02-12,-0.019107477910418957,0.03703077053566406,1.037030770535664
us_technology,BLM_LLM__gpt_oss_20b,2026-02-13,0.011369111556925732,0.048820889053848626,1.0488208890538486
us_technology,BLM_LLM__gpt_oss_20b,2026-02-17,-0.004848504998080384,0.04373567573117998,1.04373567573118
us_technology,BLM_LLM__gpt_oss_20b,2026-02-18,0.015453975381789274,0.05986554116902476,1.0598655411690248
us_technology,BLM_LLM__gpt_oss_20b,2026-02-19,0.0006879412732316578,0.06059466641887101,1.060594666418871
us_technology,BLM_LLM__gpt_oss_20b,2026-02-20,-0.0022710829326857314,0.05818596797346953,1.0581859679734695
us_technology,BLM_LLM__gpt_oss_20b,2026-02-23,-0.014175168939622956,0.04318600310790721,1.0431860031079072
us_technology,BLM_LLM__gpt_oss_20b,2026-02-24,0.02091278244910688,0.06500192504485613,1.0650019250448561
us_technology,BLM_LLM__gpt_oss_20b,2026-02-25,0.016373904904775687,0.08244016528894371,1.0824401652889437
us_technology,BLM_LLM__gpt_oss_20b,2026-02-26,-0.027786992778386,0.05236240823302496,1.052362408233025
us_technology,BLM_LLM__gpt_oss_20b,2026-02-27,-0.01944020458512179,0.03190426771928356,1.0319042677192836
us_technology,BLM_LLM__gpt_oss_20b,2026-03-02,0.006042652543592968,0.038139706667362105,1.038139706667362
us_technology,BLM_LLM__gpt_oss_20b,2026-03-03,-0.032829087143282816,0.004058527770277154,1.0040585277702772
us_technology,BLM_LLM__gpt_oss_20b,2026-03-04,0.028452875104440552,0.03262687965847344,1.0326268796584734
us_technology,BLM_LLM__gpt_oss_20b,2026-03-05,0.000613197066406516,0.03326008343177245,1.0332600834317724
us_technology,BLM_LLM__gpt_oss_20b,2026-03-06,-0.03309536397290742,-0.0009360351080788254,0.9990639648919212
us_technology,BLM_LLM__gpt_oss_20b,2026-03-09,0.03366929892406498,0.03270174817012883,1.0327017481701288
us_technology,BLM_LLM__gpt_oss_20b,2026-03-10,0.004912453023113223,0.03777484699490152,1.0377748469949015
us_technology,BLM_LLM__gpt_oss_20b,2026-03-11,0.022794276838563738,0.06143017415340157,1.0614301741534016
us_technology,BLM_LLM__gpt_oss_20b,2026-03-12,-0.026512991049319343,0.033288485446594906,1.033288485446595
us_technology,BLM_LLM__gpt_oss_20b,2026-03-13,-0.007079269158343382,0.02597355813990143,1.0259735581399014
us_technology,BLM_LLM__gpt_oss_20b,2026-03-16,0.014289560548933176,0.040634269420546154,1.0406342694205462
us_technology,BLM_LLM__gpt_oss_20b,2026-03-17,0.007014725911770405,0.04793403359492654,1.0479340335949265
us_technology,BLM_LLM__gpt_oss_20b,2026-03-18,-0.005212507950665065,0.042471669113040456,1.0424716691130405
us_technology,BLM_LLM__gpt_oss_20b,2026-03-19,0.00553698140000844,0.04824381535495492,1.048243815354955
us_technology,BLM_LLM__gpt_oss_20b,2026-03-20,-0.02613958404012888,0.02084315804893877,1.0208431580489388
us_technology,BLM_LLM__gpt_oss_20b,2026-03-23,0.008567334524223735,0.02958906288070895,1.029589062880709
us_technology,BLM_LLM__gpt_oss_20b,2026-03-24,-0.005358244609771846,0.024072272834248398,1.0240722728342484
us_technology,BLM_LLM__gpt_oss_20b,2026-03-25,0.007359830841330896,0.031609271531605865,1.0316092715316059
us_technology,BLM_LLM__gpt_oss_20b,2026-03-26,-0.04801079774889889,-0.017919112559787065,0.9820808874402129
us_technology,BLM_LLM__gpt_oss_20b,2026-03-27,-0.014610710668826934,-0.032268012259560774,0.9677319877404392
us_technology,BLM_LLM__gpt_oss_20b,2026-03-30,-0.03217168131012884,-0.06340157736276364,0.9365984226372364
us_technology,BLM_LLM__gpt_oss_20b,2026-03-31,0.04873757241378407,-0.01775404391684554,0.9822459560831545
us_technology,BLM_LLM__gpt_oss_20b,2026-04-01,0.02360265368167239,0.005429567214808362,1.0054295672148084
us_technology,BLM_LLM__gpt_oss_20b,2026-04-02,0.005003205183603305,0.01045993763724562,1.0104599376372456
us_technology,BLM_LLM__gpt_oss_20b,2026-04-06,0.006802416465912311,0.017333506955174105,1.017333506955174
us_technology,BLM_LLM__gpt_oss_20b,2026-04-07,0.0075143026943682335,0.02497805886755855,1.0249780588675586
us_technology,BLM_LLM__gpt_oss_20b,2026-04-08,0.04596624842728371,0.07209245495397987,1.0720924549539799
us_technology,BLM_LLM__gpt_oss_20b,2026-04-09,0.011244733395386078,0.08414784878514237,1.0841478487851424
us_technology,BLM_LLM__gpt_oss_20b,2026-04-10,0.01700599256629189,0.10258485904234393,1.102584859042344
us_technology,BLM_LLM__gpt_oss_20b,2026-04-13,0.027189457794250246,0.13256354353185507,1.132563543531855
us_technology,BLM_LLM__gpt_oss_20b,2026-04-14,0.033167294168459906,0.17012761174464952,1.1701276117446495
us_technology,BLM_LLM__gpt_oss_20b,2026-04-15,0.012738401904306924,0.18503316754237953,1.1850331675423795
us_technology,BLM_LLM__gpt_oss_20b,2026-04-16,0.019245477659207814,0.20783969689373682,1.2078396968937368
us_technology,BLM_LLM__gpt_oss_20b,2026-04-17,0.006153729069465734,0.21527241514776652,1.2152724151477665
us_technology,BLM_LLM__gpt_oss_20b,2026-04-20,-0.005194367710166503,0.2089598433554669,1.208959843355467
us_technology,BLM_LLM__gpt_oss_20b,2026-04-21,0.007505940732481114,0.21803422428764274,1.2180342242876427
us_technology,BLM_LLM__gpt_oss_20b,2026-04-22,0.04142211741863176,0.26848778094599757,1.2684877809459976
us_technology,BLM_LLM__gpt_oss_20b,2026-04-23,-0.014302520189614646,0.2503452088487379,1.250345208848738
us_technology,BLM_LLM__gpt_oss_20b,2026-04-24,0.046478338220524745,0.3084591763580222,1.3084591763580222
us_technology,BLM_LLM__gpt_oss_20b,2026-04-27,0.00340106135741966,0.3129093263004945,1.3129093263004945
us_technology,BLM_LLM__gpt_oss_20b,2026-04-28,-0.03492962865191567,0.2670498910791814,1.2670498910791814
us_technology,BLM_LLM__gpt_oss_20b,2026-04-29,0.012673149991319592,0.283107404395313,1.283107404395313
us_technology,BLM_LLM__gpt_oss_20b,2026-04-30,0.022397221434674874,0.31184544505602574,1.3118454450560257
us_technology,BLM_LLM__gpt_oss_20b,2026-05-01,0.016582330500746183,0.3335988997918433,1.3335988997918433
us_technology,BLM_LLM__gpt_oss_20b,2026-05-04,0.003284736446960805,0.3379794207036164,1.3379794207036164
us_technology,BLM_LLM__gpt_oss_20b,2026-05-05,0.04748056522154842,0.40150743985342396,1.401507439853424
us_technology,BLM_LLM__gpt_oss_20b,2026-05-06,0.05883074188074233,0.4839591622913808,1.4839591622913808
us_technology,BLM_LLM__gpt_oss_20b,2026-05-07,-0.011663365796421377,0.4666512037546253,1.4666512037546253
us_technology,BLM_LLM__gpt_oss_20b,2026-05-08,0.06763801488963701,0.5658525797120846,1.5658525797120846
us_technology,BLM_LLM__gpt_oss_20b,2026-05-11,0.02295874230702592,0.601802585580486,1.601802585580486
us_technology,BLM_LLM__gpt_oss_20b,2026-05-12,-0.03221951006002656,0.550193291060199,1.550193291060199
us_technology,BLM_LLM__gpt_oss_20b,2026-05-13,0.014443517904204485,0.5725835356146045,1.5725835356146045
us_technology,BLM_LLM__gpt_oss_20b,2026-05-14,0.010959421315729488,0.5898181411355845,1.5898181411355845
us_technology,BLM_LLM__gpt_oss_20b,2026-05-15,-0.032751186808101795,0.5377497102043438,1.5377497102043438
us_technology,BLM_LLM__gpt_oss_20b,2026-05-18,-0.025383638472678615,0.4987160274990503,1.4987160274990503
us_technology,BLM_LLM__gpt_oss_20b,2026-05-19,-0.013776414984590335,0.4780690935601666,1.4780690935601666
us_technology,BLM_LLM__gpt_oss_20b,2026-05-20,0.040087082448791014,0.537320571178723,1.537320571178723
us_technology,BLM_LLM__gpt_oss_20b,2026-05-21,0.0100721568001519,0.5528047050237341,1.5528047050237341
us_technology,BLM_LLM__gpt_oss_20b,2026-05-22,0.015890151280954987,0.57747900669634,1.57747900669634
us_technology,BLM_LLM__gpt_oss_20b,2026-05-26,0.05626371282132311,0.6662338325107688,1.6662338325107688
us_technology,BLM_LLM__gpt_oss_20b,2026-05-27,-0.008688580167692831,0.651756626278877,1.651756626278877
us_technology,BLM_LLM__gpt_oss_20b,2026-05-28,0.02360148039129355,0.6907405279051873,1.6907405279051873
us_technology,BLM_LLM__gpt_oss_20b,2026-05-29,0.03162101647886499,0.7442034619995621,1.744203461999562
us_technology,BLM_LLM__gpt_oss_20b,2026-06-01,0.03084111940662402,0.7979966492405377,1.7979966492405377
us_technology,BLM_LLM__gpt_oss_20b,2026-06-02,0.026966365392788773,0.846482083858968,1.846482083858968
us_technology,BLM_LLM__gpt_oss_20b,2026-06-03,0.0004026110478759702,0.8472254979456344,1.8472254979456344
us_technology,BLM_LLM__gpt_oss_20b,2026-06-04,-0.03134949003677178,0.789315920602117,1.789315920602117
us_technology,BLM_LLM__gpt_oss_20b,2026-06-05,-0.09726870794040966,0.6152714729079445,1.6152714729079445
us_technology,BLM_LLM__gpt_oss_20b,2026-06-08,0.041830996326277396,0.6828398879570972,1.6828398879570972
us_technology,BLM_LLM__gpt_oss_20b,2026-06-09,-0.01643378729072605,0.6551844551940609,1.6551844551940609
us_technology,BLM_LLM__gpt_oss_20b,2026-06-10,-0.03851454391318798,0.591435780810063,1.591435780810063
us_technology,BLM_LLM__gpt_oss_20b,2026-06-11,0.048353489515310176,0.6683872541517517,1.6683872541517517
us_technology,BLM_LLM__gpt_oss_20b,2026-06-12,0.012130891457221165,0.6886262788404778,1.6886262788404778
us_technology,BLM_LLM__gpt_oss_20b,2026-06-15,0.05281416134577209,0.7778096595838693,1.7778096595838693
us_technology,BLM_LLM__gpt_oss_20b,2026-06-16,-0.041245952534357914,0.70448220674955,1.70448220674955
us_technology,BLM_LLM__gpt_oss_20b,2026-06-17,0.011461920599578837,0.7240188464667081,1.724018846466708
us_technology,BLM_LLM__gpt_oss_20b,2026-06-18,0.04472287245207921,0.8011219214422194,1.8011219214422194
us_technology,BLM_LLM__gpt_oss_20b,2026-06-22,0.0022238714016680756,0.8051273849742322,1.8051273849742322
us_technology,BLM_LLM__gpt_oss_20b,2026-06-23,-0.06839994090295111,0.6816567785196961,1.681656778519696
us_technology,BLM_LLM__gpt_oss_20b,2026-06-24,-0.009949461834018644,0.6649251985838955,1.6649251985838955
us_technology,BLM_LLM__gpt_oss_20b,2026-06-25,0.04271101248922996,0.7360358395342461,1.7360358395342461
us_technology,BLM_LLM__gpt_oss_20b,2026-06-26,-0.04177288282701089,0.6635166178258907,1.6635166178258907
us_technology,BLM_LLM__gpt_oss_20b,2026-06-29,0.026913288902129743,0.7082873211549325,1.7082873211549325
us_technology,BLM_LLM__gpt_oss_20b,2026-06-30,0.02158331322266417,0.7451578214817254,1.7451578214817254
us_technology,BLM_LLM__gpt_oss_20b,2026-07-01,-0.05206761648357906,0.6542916133294967,1.6542916133294967
us_technology,BLM_LLM__gpt_oss_20b,2026-07-02,-0.03683093547139668,0.5933625056680853,1.5933625056680853
us_technology,BLM_LLM__gpt_oss_20b,2026-07-06,0.024490165237955403,0.6323842167158595,1.6323842167158595
us_technology,BLM_LLM__gpt_oss_20b,2026-07-07,-0.030846675053726732,0.5820305912199932,1.5820305912199932
us_technology,BLM_LLM__gpt_oss_20b,2026-07-08,0.01988001871690183,0.6134813889841582,1.6134813889841582
us_technology,BLM_LLM__gpt_oss_20b,2026-07-09,0.03027432725128186,0.6623284525681172,1.6623284525681172
us_technology,BLM_LLM__gpt_oss_20b,2026-07-10,0.006114352646341884,0.6724925149411665,1.6724925149411665
us_technology,BLM_LLM__gpt_oss_20b,2026-07-13,-0.04324445450576041,0.6001664884675684,1.6001664884675684
us_technology,BLM_LLM__gpt_oss_20b,2026-07-14,0.01730456995355739,0.6278566814045938,1.6278566814045938
us_technology,BLM_LLM__gpt_oss_20b,2026-07-15,-0.013566752992468971,0.6057719519008373,1.6057719519008373
us_technology,BLM_LLM__gpt_oss_20b,2026-07-16,-0.04591567982924357,0.532041841078579,1.532041841078579
us_technology,BLM_LLM__gpt_oss_20b,2026-07-17,-0.012087516788212026,0.5135232596042982,1.5135232596042982
us_technology,BLM_LLM__gpt_oss_20b,2026-07-20,0.0006527034911042153,0.5145111415197092,1.5145111415197092
us_technology,BLM_LLM__gpt_oss_20b,2026-07-21,0.05665820055191943,0.6003206175140492,1.6003206175140492
us_technology,BLM_LLM__gpt_oss_20b,2026-07-22,0.004852160317230296,0.6080856297091963,1.6080856297091963
us_technology,BLM_LLM__gpt_oss_20b,2026-07-23,-0.00968584200219587,0.5925099663738314,1.5925099663738314
us_technology,BLM_LLM__gpt_oss_20b,2026-07-24,-0.03664016377654477,0.5341601403901144,1.5341601403901144
us_technology,BLM_LLM__gpt_oss_20b,2026-07-27,-0.015291573728018449,0.5107004174927519,1.5107004174927519
us_technology,BLM_LLM__gpt_oss_20b,2026-07-28,-0.04188873581807107,0.4474190868041483,1.4474190868041483
us_technology,BLM_LLM__gpt_oss_20b,2026-07-29,-0.05246517373557138,0.3714799929467867,1.3714799929467867
us_technology,BLM_LLM__gpt_oss_20b,2026-07-30,0.09043795626772935,0.4955138405709738,1.4955138405709738
us_technology,RelViewBL__gpt_oss_20b,2026-01-02,0.035345453912473554,0.03534545391247357,1.0353454539124736
us_technology,RelViewBL__gpt_oss_20b,2026-01-05,0.0041182942917784866,0.03960931118534017,1.0396093111853402
us_technology,RelViewBL__gpt_oss_20b,2026-01-06,0.03295708157274752,0.07387180005786331,1.0738718000578633
us_technology,RelViewBL__gpt_oss_20b,2026-01-07,-0.012090197411314296,0.06088847800072017,1.0608884780007202
us_technology,RelViewBL__gpt_oss_20b,2026-01-08,-0.017334275036464224,0.042498745340039834,1.0424987453400398
us_technology,RelViewBL__gpt_oss_20b,2026-01-09,0.024105148377594903,0.06762833227991805,1.067628332279918
us_technology,RelViewBL__gpt_oss_20b,2026-01-12,0.005649456312951681,0.07365985190160296,1.073659851901603
us_technology,RelViewBL__gpt_oss_20b,2026-01-13,0.001251810392044081,0.07500387046173373,1.0750038704617337
us_technology,RelViewBL__gpt_oss_20b,2026-01-14,-0.0069323464354920684,0.06755157121219812,1.0675515712121981
us_technology,RelViewBL__gpt_oss_20b,2026-01-15,0.007932640189118313,0.07602007370995234,1.0760200737099523
us_technology,RelViewBL__gpt_oss_20b,2026-01-16,0.01899274336596089,0.09645664682654775,1.0964566468265478
us_technology,RelViewBL__gpt_oss_20b,2026-01-20,-0.023293419435301742,0.07091642225939254,1.0709164222593925
us_technology,RelViewBL__gpt_oss_20b,2026-01-21,0.029469918639171852,0.10247624209272987,1.1024762420927299
us_technology,RelViewBL__gpt_oss_20b,2026-01-22,0.008965453156637498,0.11236044119751787,1.1123604411975179
us_technology,RelViewBL__gpt_oss_20b,2026-01-23,0.004878499933647917,0.11778709153609257,1.1177870915360926
us_technology,RelViewBL__gpt_oss_20b,2026-01-26,-0.004934688355982679,0.1122711605910216,1.1122711605910216
us_technology,RelViewBL__gpt_oss_20b,2026-01-27,0.009327293220966317,0.12264563984707855,1.1226456398470785
us_technology,RelViewBL__gpt_oss_20b,2026-01-28,0.02666960303978403,0.15258615341614434,1.1525861534161443
us_technology,RelViewBL__gpt_oss_20b,2026-01-29,0.0010019624116690137,0.15374100141807756,1.1537410014180776
us_technology,RelViewBL__gpt_oss_20b,2026-01-30,-0.03154524850615003,0.11734595481660981,1.1173459548166098
us_technology,RelViewBL__gpt_oss_20b,2026-02-02,0.015971995724068388,0.135192199629246,1.135192199629246
us_technology,RelViewBL__gpt_oss_20b,2026-02-03,-0.02600984915516802,0.10566602175476603,1.105666021754766
us_technology,RelViewBL__gpt_oss_20b,2026-02-04,-0.06344572067895787,0.03551624417429866,1.0355162441742987
us_technology,RelViewBL__gpt_oss_20b,2026-02-05,-0.02131466295492792,0.013444564445370677,1.0134445644453707
us_technology,RelViewBL__gpt_oss_20b,2026-02-06,0.04401967699730902,0.058056066826934316,1.0580560668269343
us_technology,RelViewBL__gpt_oss_20b,2026-02-09,0.022493507385310287,0.0818554587801783,1.0818554587801783
us_technology,RelViewBL__gpt_oss_20b,2026-02-10,-0.002090990130615784,0.07959330969311607,1.079593309693116
us_technology,RelViewBL__gpt_oss_20b,2026-02-11,0.02298787966828018,0.10441087078702171,1.1044108707870217
us_technology,RelViewBL__gpt_oss_20b,2026-02-12,-0.016392413857385057,0.08630691072448582,1.0863069107244858
us_technology,RelViewBL__gpt_oss_20b,2026-02-13,0.016212305556962587,0.10391845028979119,1.1039184502897912
us_technology,RelViewBL__gpt_oss_20b,2026-02-17,-0.008559977525158517,0.0944689331657027,1.0944689331657027
us_technology,RelViewBL__gpt_oss_20b,2026-02-18,0.013441269977231702,0.10917998557807573,1.1091799855780757
us_technology,RelViewBL__gpt_oss_20b,2026-02-19,-0.003067711848126476,0.105777340994613,1.105777340994613
us_technology,RelViewBL__gpt_oss_20b,2026-02-20,-0.0005135685428390239,0.10520944853689396,1.105209448536894
us_technology,RelViewBL__gpt_oss_20b,2026-02-23,-0.013044798389868523,0.09079221410215244,1.0907922141021524
us_technology,RelViewBL__gpt_oss_20b,2026-02-24,0.01867360836761251,0.11116124071873701,1.111161240718737
us_technology,RelViewBL__gpt_oss_20b,2026-02-25,0.013617627092549203,0.12629262013453912,1.1262926201345391
us_technology,RelViewBL__gpt_oss_20b,2026-02-26,-0.02388838929436763,0.09938730356539183,1.0993873035653918
us_technology,RelViewBL__gpt_oss_20b,2026-02-27,-0.018804553036102397,0.07871381670827882,1.0787138167082788
us_technology,RelViewBL__gpt_oss_20b,2026-03-02,0.004765889428204786,0.08385484748338712,1.0838548474833871
us_technology,RelViewBL__gpt_oss_20b,2026-03-03,-0.03559761161028863,0.04527220358074491,1.045272203580745
us_technology,RelViewBL__gpt_oss_20b,2026-03-04,0.026481998587217427,0.07295310059922766,1.0729531005992277
us_technology,RelViewBL__gpt_oss_20b,2026-03-05,-0.00985453516425344,0.0623796465397779,1.062379646539778
us_technology,RelViewBL__gpt_oss_20b,2026-03-06,-0.03566199416802559,0.024493069780647136,1.0244930697806471
us_technology,RelViewBL__gpt_oss_20b,2026-03-09,0.02904402758649328,0.0542484747615275,1.0542484747615275
us_technology,RelViewBL__gpt_oss_20b,2026-03-10,0.007251048808472851,0.06189288190828157,1.0618928819082816
us_technology,RelViewBL__gpt_oss_20b,2026-03-11,0.024155658667812788,0.08754360390543825,1.0875436039054382
us_technology,RelViewBL__gpt_oss_20b,2026-03-12,-0.03056203795549836,0.05430605500462082,1.0543060550046208
us_technology,RelViewBL__gpt_oss_20b,2026-03-13,-0.0003373843463641974,0.05395034864538517,1.0539503486453852
us_technology,RelViewBL__gpt_oss_20b,2026-03-16,0.015638408628378998,0.07043245487152427,1.0704324548715243
us_technology,RelViewBL__gpt_oss_20b,2026-03-17,0.008928550456786517,0.07998986505542649,1.0799898650554265
us_technology,RelViewBL__gpt_oss_20b,2026-03-18,-0.005531957345949281,0.07401540718788246,1.0740154071878825
us_technology,RelViewBL__gpt_oss_20b,2026-03-19,0.0017227813927273086,0.07586570094688838,1.0758657009468884
us_technology,RelViewBL__gpt_oss_20b,2026-03-20,-0.02264027007685799,0.051507810911022744,1.0515078109110227
us_technology,RelViewBL__gpt_oss_20b,2026-03-23,0.003597515394797508,0.055290626448525115,1.0552906264485251
us_technology,RelViewBL__gpt_oss_20b,2026-03-24,0.0013757363660508047,0.05674242814008279,1.0567424281400828
us_technology,RelViewBL__gpt_oss_20b,2026-03-25,0.008764060368486405,0.06600378257424344,1.0660037825742434
us_technology,RelViewBL__gpt_oss_20b,2026-03-26,-0.04615416736340161,0.016803265583292593,1.0168032655832926
us_technology,RelViewBL__gpt_oss_20b,2026-03-27,-0.012762462121633254,0.003826352421132828,1.0038263524211328
us_technology,RelViewBL__gpt_oss_20b,2026-03-30,-0.0316263987286333,-0.027921060054847402,0.9720789399451526
us_technology,RelViewBL__gpt_oss_20b,2026-03-31,0.04671854539770773,0.01749305403113577,1.0174930540311358
us_technology,RelViewBL__gpt_oss_20b,2026-04-01,0.023342703891005494,0.04124409310253929,1.0412440931025393
us_technology,RelViewBL__gpt_oss_20b,2026-04-02,0.0034032961679617713,0.044787755134507945,1.044787755134508
us_technology,RelViewBL__gpt_oss_20b,2026-04-06,0.010361972719432844,0.05561381735080917,1.0556138173508092
us_technology,RelViewBL__gpt_oss_20b,2026-04-07,-0.0015666240749265573,0.05396006733072234,1.0539600673307223
us_technology,RelViewBL__gpt_oss_20b,2026-04-08,0.0453624727329667,0.10177030214664806,1.101770302146648
us_technology,RelViewBL__gpt_oss_20b,2026-04-09,0.013779468571481811,0.11695211139806982,1.1169521113980698
us_technology,RelViewBL__gpt_oss_20b,2026-04-10,0.009798802561705768,0.12789690460853986,1.1278969046085399
us_technology,RelViewBL__gpt_oss_20b,2026-04-13,0.025262129120429216,0.15638998184729314,1.1563899818472931
us_technology,RelViewBL__gpt_oss_20b,2026-04-14,0.03425552963685653,0.19600273314222716,1.1960027331422272
us_technology,RelViewBL__gpt_oss_20b,2026-04-15,0.004691008078377054,0.20161319162515845,1.2016131916251584
us_technology,RelViewBL__gpt_oss_20b,2026-04-16,0.02330663207633834,0.2296187481804408,1.2296187481804408
us_technology,RelViewBL__gpt_oss_20b,2026-04-17,0.007634016275625225,0.2390056777168641,1.239005677716864
us_technology,RelViewBL__gpt_oss_20b,2026-04-20,-0.00011238839808542488,0.23886642785352663,1.2388664278535266
us_technology,RelViewBL__gpt_oss_20b,2026-04-21,0.006199528833804186,0.24654681599423656,1.2465468159942366
us_technology,RelViewBL__gpt_oss_20b,2026-04-22,0.035816598377585655,0.2911938826615601,1.29119388266156
us_technology,RelViewBL__gpt_oss_20b,2026-04-23,0.015807417767920648,0.3116043237841748,1.3116043237841748
us_technology,RelViewBL__gpt_oss_20b,2026-04-24,0.0427658235758412,0.36769616289643947,1.3676961628964395
us_technology,RelViewBL__gpt_oss_20b,2026-04-27,0.000883889246499952,0.36890505482730296,1.368905054827303
us_technology,RelViewBL__gpt_oss_20b,2026-04-28,-0.03084529377471157,0.3266807762614672,1.3266807762614672
us_technology,RelViewBL__gpt_oss_20b,2026-04-29,0.012953425103938968,0.34386583633360557,1.3438658363336056
us_technology,RelViewBL__gpt_oss_20b,2026-04-30,0.02457307695856583,0.3768887549518187,1.3768887549518187
us_technology,RelViewBL__gpt_oss_20b,2026-05-01,0.015166852896787606,0.39777182415341406,1.397771824153414
us_technology,RelViewBL__gpt_oss_20b,2026-05-04,0.004917301537295327,0.40464508969311175,1.4046450896931117
us_technology,RelViewBL__gpt_oss_20b,2026-05-05,0.04439059911185353,0.46699812676411234,1.4669981267641123
us_technology,RelViewBL__gpt_oss_20b,2026-05-06,0.06400998462844189,0.5609006543082362,1.5609006543082362
us_technology,RelViewBL__gpt_oss_20b,2026-05-07,-0.009298807311992176,0.5463861398906613,1.5463861398906613
us_technology,RelViewBL__gpt_oss_20b,2026-05-08,0.06264335129273535,0.643256950086049,1.643256950086049
us_technology,RelViewBL__gpt_oss_20b,2026-05-11,0.028697539016446696,0.6904143805251908,1.6904143805251908
us_technology,RelViewBL__gpt_oss_20b,2026-05-12,-0.03032769630091909,0.6391480065699164,1.6391480065699164
us_technology,RelViewBL__gpt_oss_20b,2026-05-13,0.02101781616691711,0.6735993180423714,1.6735993180423714
us_technology,RelViewBL__gpt_oss_20b,2026-05-14,0.003577944111467739,0.6795873628673177,1.6795873628673177
us_technology,RelViewBL__gpt_oss_20b,2026-05-15,-0.030419425904916468,0.6284952795317413,1.6284952795317413
us_technology,RelViewBL__gpt_oss_20b,2026-05-18,-0.024858563285164222,0.5880132265659104,1.5880132265659104
us_technology,RelViewBL__gpt_oss_20b,2026-05-19,-0.009486082908673605,0.5729492014386359,1.572949201438636
us_technology,RelViewBL__gpt_oss_20b,2026-05-20,0.03892107176930119,0.6341700701972941,1.634170070197294
us_technology,RelViewBL__gpt_oss_20b,2026-05-21,0.00802449933195124,0.6472834668338869,1.647283466833887
us_technology,RelViewBL__gpt_oss_20b,2026-05-22,0.021484912842365284,0.6826752085454824,1.6826752085454824
us_technology,RelViewBL__gpt_oss_20b,2026-05-26,0.06101971624926139,0.7853515723105944,1.7853515723105944
us_technology,RelViewBL__gpt_oss_20b,2026-05-27,-0.012070256619428513,0.7638019206769053,1.7638019206769053
us_technology,RelViewBL__gpt_oss_20b,2026-05-28,0.021214420620321313,0.8012199565130758,1.8012199565130758
us_technology,RelViewBL__gpt_oss_20b,2026-05-29,0.019645741318567105,0.8366062578365723,1.8366062578365723
us_technology,RelViewBL__gpt_oss_20b,2026-06-01,0.02028526818300056,0.8738623083233643,1.8738623083233643
us_technology,RelViewBL__gpt_oss_20b,2026-06-02,0.027555427365641184,0.9254973850535813,1.9254973850535813
us_technology,RelViewBL__gpt_oss_20b,2026-06-03,0.0013602849919845622,0.928116610248575,1.928116610248575
us_technology,RelViewBL__gpt_oss_20b,2026-06-04,-0.014034382337222762,0.9010566845495964,1.9010566845495964
us_technology,RelViewBL__gpt_oss_20b,2026-06-05,-0.09536429756238016,0.7197637492012567,1.7197637492012567
us_technology,RelViewBL__gpt_oss_20b,2026-06-08,0.04067698552707402,0.7897185543375029,1.789718554337503
us_technology,RelViewBL__gpt_oss_20b,2026-06-09,-0.015925013364410105,0.7612172624411455,1.7612172624411455
us_technology,RelViewBL__gpt_oss_20b,2026-06-10,-0.03428204797405165,0.7008391277574102,1.7008391277574102
us_technology,RelViewBL__gpt_oss_20b,2026-06-11,0.05094981267182716,0.787496562701564,1.787496562701564
us_technology,RelViewBL__gpt_oss_20b,2026-06-12,0.01552211682134581,0.8152422931655716,1.8152422931655716
us_technology,RelViewBL__gpt_oss_20b,2026-06-15,0.05424130210135731,0.9137033987763259,1.913703398776326
us_technology,RelViewBL__gpt_oss_20b,2026-06-16,-0.03833788700943284,0.8403360541044715,1.8403360541044715
us_technology,RelViewBL__gpt_oss_20b,2026-06-17,0.0031360867255922848,0.8461075075743774,1.8461075075743774
us_technology,RelViewBL__gpt_oss_20b,2026-06-18,0.048103749033066946,0.934912199806796,1.934912199806796
us_technology,RelViewBL__gpt_oss_20b,2026-06-22,0.013382713117959615,0.9608065746852503,1.9608065746852503
us_technology,RelViewBL__gpt_oss_20b,2026-06-23,-0.07642110704970222,0.8109595655374691,1.810959565537469
us_technology,RelViewBL__gpt_oss_20b,2026-06-24,-0.01132310964677527,0.7904538718110117,1.7904538718110117
us_technology,RelViewBL__gpt_oss_20b,2026-06-25,0.048256998199799575,0.8768558010798198,1.8768558010798198
us_technology,RelViewBL__gpt_oss_20b,2026-06-26,-0.04896463274820766,0.7849562460586035,1.7849562460586035
us_technology,RelViewBL__gpt_oss_20b,2026-06-29,0.023886307691526415,0.8275922601678711,1.8275922601678711
us_technology,RelViewBL__gpt_oss_20b,2026-06-30,0.026063975773187562,0.8752265805601516,1.8752265805601516
us_technology,RelViewBL__gpt_oss_20b,2026-07-01,-0.048557005870260725,0.7841711924798234,1.7841711924798234
us_technology,RelViewBL__gpt_oss_20b,2026-07-02,-0.03589965580141446,0.7201200607789986,1.7201200607789986
us_technology,RelViewBL__gpt_oss_20b,2026-07-06,0.024226024836679252,0.7617917320935008,1.7617917320935008
us_technology,RelViewBL__gpt_oss_20b,2026-07-07,-0.03463619761680598,0.7007699655010553,1.7007699655010553
us_technology,RelViewBL__gpt_oss_20b,2026-07-08,0.01673609338906893,0.7292342104770047,1.7292342104770047
us_technology,RelViewBL__gpt_oss_20b,2026-07-09,0.02907051430529391,0.7795039383298799,1.7795039383298799
us_technology,RelViewBL__gpt_oss_20b,2026-07-10,0.00796515695007373,0.7936779664919518,1.7936779664919518
us_technology,RelViewBL__gpt_oss_20b,2026-07-13,-0.04348185398958314,0.7156855230486163,1.7156855230486163
us_technology,RelViewBL__gpt_oss_20b,2026-07-14,0.018834971120408103,0.7480004103269393,1.7480004103269393
us_technology,RelViewBL__gpt_oss_20b,2026-07-15,-0.017700163379703586,0.7170605174763636,1.7170605174763636
us_technology,RelViewBL__gpt_oss_20b,2026-07-16,-0.04333685870063776,0.6426485084500464,1.6426485084500464
us_technology,RelViewBL__gpt_oss_20b,2026-07-17,-0.014345922487401184,0.619083200273777,1.619083200273777
us_technology,RelViewBL__gpt_oss_20b,2026-07-20,-0.002285857738220607,0.6153822064116081,1.6153822064116081
us_technology,RelViewBL__gpt_oss_20b,2026-07-21,0.05716778906354211,0.707730035644746,1.707730035644746
us_technology,RelViewBL__gpt_oss_20b,2026-07-22,0.0023390317486518064,0.7117244704162453,1.7117244704162453
us_technology,RelViewBL__gpt_oss_20b,2026-07-23,-0.012736111958785212,0.6899237559184317,1.6899237559184317
us_technology,RelViewBL__gpt_oss_20b,2026-07-24,-0.03545548348786509,0.6300066920947147,1.6300066920947147
us_technology,RelViewBL__gpt_oss_20b,2026-07-27,-0.01589334612355837,0.604100431553537,1.604100431553537
us_technology,RelViewBL__gpt_oss_20b,2026-07-28,-0.04224077288807294,0.5363419895346242,1.5363419895346242
us_technology,RelViewBL__gpt_oss_20b,2026-07-29,-0.051418668604563476,0.4573453299114676,1.4573453299114676
us_technology,RelViewBL__gpt_oss_20b,2026-07-30,0.08746599338931177,0.5848134869034485,1.5848134869034485
us_financials,BL,2026-01-02,0.021163227712440943,0.021163227712440946,1.021163227712441
us_financials,BL,2026-01-05,0.023178900755867985,0.04483266882312953,1.0448326688231295
us_financials,BL,2026-01-06,0.007693850824289208,0.05287145551339867,1.0528714555133987
us_financials,BL,2026-01-07,-0.01691295094496173,0.03506429223495022,1.0350642922349502
us_financials,BL,2026-01-08,0.0043539886200237524,0.039570950384334,1.039570950384334
us_financials,BL,2026-01-09,-0.003832983587494037,0.035586291993475294,1.0355862919934753
us_financials,BL,2026-01-12,-0.02134378385711682,0.01348296201177357,1.0134829620117736
us_financials,BL,2026-01-13,-0.011852063447205451,0.0014710976433482958,1.0014710976433483
us_financials,BL,2026-01-14,-0.016145501643884,-0.014698155609954688,0.9853018443900453
us_financials,BL,2026-01-15,0.02333690514316111,0.00829574006995748,1.0082957400699575
us_financials,BL,2026-01-16,0.001164258213356253,0.009469656666825976,1.009469656666826
us_financials,BL,2026-01-20,-0.031387230048159805,-0.022214799673612617,0.9777852003263874
us_financials,BL,2026-01-21,0.007617096081609838,-0.014766915855550455,0.9852330841444495
us_financials,BL,2026-01-22,0.012626713944432818,-0.0023266595334673346,0.9976733404665327
us_financials,BL,2026-01-23,-0.028774816203517913,-0.031034526536541596,0.9689654734634584
us_financials,BL,2026-01-26,0.011251764068271311,-0.02013195563883008,0.9798680443611699
us_financials,BL,2026-01-27,-0.0019882878745431016,-0.022080215390085645,0.9779197846099144
us_financials,BL,2026-01-28,-0.0018581506689637614,-0.02389733769205149,0.9761026623079485
us_financials,BL,2026-01-29,0.010043994923706789,-0.014093367506813781,0.9859066324931862
us_financials,BL,2026-01-30,-0.0018603545936533657,-0.0159275034394859,0.9840724965605141
us_financials,BL,2026-02-02,0.013144208952710996,-0.0029926489200785555,0.9970073510799214
us_financials,BL,2026-02-03,-0.0017741955373893887,-0.0047615349131089335,0.9952384650868911
us_financials,BL,2026-02-04,-0.0005676876641988632,-0.005326519512675043,0.994673480487325
us_financials,BL,2026-02-05,-0.017336476916869653,-0.022570653346965952,0.977429346653034
us_financials,BL,2026-02-06,0.03179108880179447,0.008502889809960612,1.0085028898099606
us_financials,BL,2026-02-09,0.0067162445649971755,0.015276241862430595,1.0152762418624306
us_financials,BL,2026-02-10,-0.01129659655539625,0.0038070757658317245,1.0038070757658317
us_financials,BL,2026-02-11,-0.022746081427797257,-0.019025601717336915,0.9809743982826631
us_financials,BL,2026-02-12,-0.038568942851082866,-0.056860747223076435,0.9431392527769236
us_financials,BL,2026-02-13,0.0017154170942622255,-0.05524287002659323,0.9447571299734068
us_financials,BL,2026-02-17,0.00985366957239447,-0.0459335454416715,0.9540664545583285
us_financials,BL,2026-02-18,0.01678438949826049,-0.029920122461140064,0.9700798775388599
us_financials,BL,2026-02-19,-0.012780289861297997,-0.042318024484699124,0.9576819755153009
us_financials,BL,2026-02-20,0.008881801444272022,-0.033812083331414056,0.9661879166685859
us_financials,BL,2026-02-23,-0.05283680177727039,-0.08486236276402592,0.9151376372359741
us_financials,BL,2026-02-24,0.0043621092626265675,-0.08087043240006075,0.9191295675999392
us_financials,BL,2026-02-25,0.03067239930730277,-0.0526785232874869,0.9473214767125131
us_financials,BL,2026-02-26,0.013026402395812549,-0.04033833253363428,0.9596616674663657
us_financials,BL,2026-02-27,-0.06243855125266495,-0.10025821674295088,0.8997417832570491
us_financials,BL,2026-03-02,0.0036347258386399714,-0.09698790203524243,0.9030120979647576
us_financials,BL,2026-03-03,-0.0017533227355649417,-0.09857117367709423,0.9014288263229058
us_financials,BL,2026-03-04,0.009526623972271137,-0.0899836002109502,0.9100163997890498
us_financials,BL,2026-03-05,-0.020543960334060158,-0.10867894103156062,0.8913210589684394
us_financials,BL,2026-03-06,-0.020937978529721474,-0.12734140222733037,0.8726585977726696
us_financials,BL,2026-03-09,-0.0016961153413294684,-0.1288215318627557,0.8711784681372443
us_financials,BL,2026-03-10,0.0025300771507332765,-0.12661738312631088,0.8733826168736891
us_financials,BL,2026-03-11,-0.005084348874946624,-0.13105796505181055,0.8689420349481894
us_financials,BL,2026-03-12,-0.029567851637477906,-0.1567507142227268,0.8432492857772732
us_financials,BL,2026-03-13,-0.002398661878768357,-0.15877338413881936,0.8412266158611806
us_financials,BL,2026-03-16,0.00957374698115375,-0.15071969336475233,0.8492803066352477
us_financials,BL,2026-03-17,0.00952896429020862,-0.1426269316504477,0.8573730683495523
us_financials,BL,2026-03-18,-0.004557799276718603,-0.14653466600124931,0.8534653339987507
us_financials,BL,2026-03-19,0.0027306135398427857,-0.14420418200444585,0.8557958179955542
us_financials,BL,2026-03-20,0.007487469363057522,-0.1377964370361714,0.8622035629638286
us_financials,BL,2026-03-23,0.0162532668837005,-0.12378281241924283,0.8762171875807572
us_financials,BL,2026-03-24,0.009459186311312809,-0.11549451079274198,0.884505489207258
us_financials,BL,2026-03-25,0.003972434886184989,-0.11198087033039295,0.888019129669607
us_financials,BL,2026-03-26,-0.014631465431676777,-0.12497389152882155,0.8750261084711785
us_financials,BL,2026-03-27,-0.02939294308770761,-0.1506934841353731,0.8493065158646269
us_financials,BL,2026-03-30,0.0049111357597269555,-0.14652242453434128,0.8534775754656587
us_financials,BL,2026-03-31,0.03643211290281754,-0.11542843314495344,0.8845715668550466
us_financials,BL,2026-04-01,0.010546164177834926,-0.10609959617385556,0.8939004038261444
us_financials,BL,2026-04-02,-0.001874729094263619,-0.10777541726828244,0.8922245827317176
us_financials,BL,2026-04-06,0.012303703779137419,-0.09679775029788695,0.903202249702113
us_financials,BL,2026-04-07,-0.000527558590846594,-0.0972742424039893,0.9027257575960107
us_financials,BL,2026-04-08,0.04456048310866917,-0.05704834653087165,0.9429516534691283
us_financials,BL,2026-04-09,0.009681168880598395,-0.04791947232739746,0.9520805276726025
us_financials,BL,2026-04-10,-0.005148888609966579,-0.05282162891210185,0.9471783710878982
us_financials,BL,2026-04-13,0.014617636464060665,-0.03897611981691784,0.9610238801830822
us_financials,BL,2026-04-14,0.0035547784824977923,-0.03555989280647642,0.9644401071935236
us_financials,BL,2026-04-15,0.01009448288282964,-0.025824368652897056,0.9741756313471029
us_financials,BL,2026-04-16,-0.008837199223789817,-0.034433352786072624,0.9655666472139274
us_financials,BL,2026-04-17,0.016897979395039654,-0.018117227476914133,0.9818827725230859
us_financials,BL,2026-04-20,0.004769498781128016,-0.01343413879015476,0.9865658612098452
us_financials,BL,2026-04-21,-0.009074138454935949,-0.022386374009686016,0.977613625990314
us_financials,BL,2026-04-22,-0.002817383664233831,-0.025140686669483436,0.9748593133305166
us_financials,BL,2026-04-23,-0.013788839282251822,-0.03858286506380426,0.9614171349361957
us_financials,BL,2026-04-24,-0.01072033771446129,-0.04888958143479005,0.95111041856521
us_financials,BL,2026-04-27,0.012478901373912459,-0.037020768325814246,0.9629792316741858
us_financials,BL,2026-04-28,-0.0034966919264293383,-0.0403880100305285,0.9596119899694715
us_financials,BL,2026-04-29,-0.007716258267760411,-0.04779262398197248,0.9522073760180275
us_financials,BL,2026-04-30,0.013379978142117468,-0.03505211010408815,0.9649478898959118
us_financials,BL,2026-05-01,-0.005061485378317098,-0.03993617973963426,0.9600638202603657
us_financials,BL,2026-05-04,-0.013227671769754314,-0.05263558883205488,0.9473644111679451
us_financials,BL,2026-05-05,0.007830408997278283,-0.045217338023144205,0.9547826619768558
us_financials,BL,2026-05-06,0.0134479990766478,-0.032377421666480055,0.96762257833352
us_financials,BL,2026-05-07,-0.008612551880718914,-0.040711121323332544,0.9592888786766675
us_financials,BL,2026-05-08,-0.012345990227188904,-0.05255449244452559,0.9474455075554744
us_financials,BL,2026-05-11,-0.01156606570285024,-0.06351270943478249,0.9364872905652175
us_financials,BL,2026-05-12,0.0059736620605842575,-0.057918450836913604,0.9420815491630864
us_financials,BL,2026-05-13,-0.008900039812369054,-0.0663030141309634,0.9336969858690366
us_financials,BL,2026-05-14,0.009130810334492537,-0.057777604043105946,0.942222395956894
us_financials,BL,2026-05-15,-0.005869938006331256,-0.06330839109554987,0.9366916089044501
us_financials,BL,2026-05-18,0.0017751051269016616,-0.061645665018257745,0.9383543349817423
us_financials,BL,2026-05-19,-0.012721593328388889,-0.07358302726582622,0.9264169727341738
us_financials,BL,2026-05-20,0.02927840191183153,-0.04645901880017278,0.9535409811998272
us_financials,BL,2026-05-21,0.0036932914260005534,-0.04293731406996726,0.9570626859300327
us_financials,BL,2026-05-22,0.004998553265840272,-0.03815338525559775,0.9618466147444023
us_financials,BL,2026-05-26,0.00370146030021918,-0.03459314819622106,0.9654068518037789
us_financials,BL,2026-05-27,-0.0035975072920633303,-0.03806620638539304,0.961933793614607
us_financials,BL,2026-05-28,0.0028064345373407136,-0.03536660216435794,0.9646333978356421
us_financials,BL,2026-05-29,0.011872616574167837,-0.0239138796972187,0.9760861203027813
us_financials,BL,2026-06-01,0.005045374337170581,-0.018989159834974623,0.9810108401650254
us_financials,BL,2026-06-02,0.012113239042286325,-0.007105941024981632,0.9928940589750184
us_financials,BL,2026-06-03,-0.019895668824917535,-0.026860232400576778,0.9731397675994232
us_financials,BL,2026-06-04,0.03892697815169689,0.011021158071313542,1.0110211580713135
us_financials,BL,2026-06-05,-0.01722754763320854,-0.006396257087541657,0.9936037429124583
us_financials,BL,2026-06-08,0.0004431513148994879,-0.005955940282381,0.994044059717619
us_financials,BL,2026-06-09,0.007142421575413069,0.0011439414566571937,1.0011439414566572
us_financials,BL,2026-06-10,-0.015417769223369897,-0.014291464792096531,0.9857085352079035
us_financials,BL,2026-06-11,0.02288829391448932,0.008269721875762581,1.0082697218757626
us_financials,BL,2026-06-12,0.01628202959093084,0.024686399322983554,1.0246863993229836
us_financials,BL,2026-06-15,0.017423083047976264,0.04253959555651954,1.0425395955565195
us_financials,BL,2026-06-16,0.018076902703587625,0.061385482390032386,1.0613854823900324
us_financials,BL,2026-06-17,0.002165462079465966,0.06368387240384377,1.0636838724038438
us_financials,BL,2026-06-18,-0.006388022763459114,0.05688903561380365,1.0568890356138037
us_financials,BL,2026-06-22,0.011201134783641471,0.06872739215306667,1.0687273921530667
us_financials,BL,2026-06-23,-0.0038669316258839845,0.06459469640090143,1.0645946964009014
us_financials,BL,2026-06-24,-0.0037854297544413057,0.060564747960724974,1.060564747960725
us_financials,BL,2026-06-25,0.0054537084504966285,0.06634875888897729,1.0663487588889773
us_financials,BL,2026-06-26,-0.019519963949971988,0.04553366955736715,1.0455336695573672
us_financials,BL,2026-06-29,-0.0010201647283613834,0.04446705298537035,1.0444670529853703
us_financials,BL,2026-06-30,-0.01136772952735959,0.03259383402679439,1.0325938340267944
us_financials,BL,2026-07-01,0.019303584889346425,0.052526596758146304,1.0525265967581463
us_financials,BL,2026-07-02,0.0037241438553330887,0.05644635721603786,1.0564463572160379
us_financials,BL,2026-07-06,0.0230739992973422,0.0808227997201203,1.0808227997201203
us_financials,BL,2026-07-07,-0.010881818537103138,0.06906148214280217,1.0690614821428022
us_financials,BL,2026-07-08,-0.027343290452441965,0.039829823525053376,1.0398298235250534
us_financials,BL,2026-07-09,0.02397995682009402,0.06476489779343009,1.06476489779343
us_financials,BL,2026-07-10,0.005174969375219019,0.0702750235313192,1.0702750235313192
us_financials,BL,2026-07-13,0.0011505276159356824,0.0715064045025382,1.0715064045025382
us_financials,BL,2026-07-14,0.009781085045634472,0.08198689977191975,1.0819868997719198
us_financials,BL,2026-07-15,0.013554123203868373,0.09665228351639987,1.0966522835163999
us_financials,BL,2026-07-16,-0.013297775836880342,0.08206924727919596,1.082069247279196
us_financials,BL,2026-07-17,-0.015440808761489492,0.06536122296526914,1.0653612229652691
us_financials,BL,2026-07-20,-0.01111313707565735,0.053521717659366086,1.053521717659366
us_financials,BL,2026-07-21,0.015913449390574017,0.07028688219520896,1.070286882195209
us_financials,BL,2026-07-22,-0.0034789700242976694,0.06656338621465285,1.0665633862146529
us_financials,BL,2026-07-23,-0.011297721949523335,0.054513649635657524,1.0545136496356575
us_financials,BL,2026-07-24,-0.004848501795171157,0.049400838312366524,1.0494008383123665
us_financials,BL,2026-07-27,0.008401819917155728,0.05821771517677932,1.0582177151767793
us_financials,BL,2026-07-28,-0.000385216418087527,0.057810072338982055,1.057810072338982
us_financials,BL,2026-07-29,-0.032225438665921875,0.02372167873262776,1.0237216787326278
us_financials,BL,2026-07-30,0.025609905266846547,0.04993909394458762,1.0499390939445876
us_financials,MVO,2026-01-02,0.021033613779333573,0.02103361377933366,1.0210336137793337
us_financials,MVO,2026-01-05,0.024954510261967284,0.04651300757220356,1.0465130075722036
us_financials,MVO,2026-01-06,0.006303245506432109,0.0531094359846056,1.0531094359846056
us_financials,MVO,2026-01-07,-0.016866155970680207,0.03534752798309415,1.0353475279830942
us_financials,MVO,2026-01-08,0.0017197244624165536,0.037128040454069255,1.0371280404540693
us_financials,MVO,2026-01-09,-0.002158501677241139,0.03488939783923528,1.0348893978392353
us_financials,MVO,2026-01-12,-0.013503971916500941,0.020914280474129576,1.0209142804741296
us_financials,MVO,2026-01-13,-0.016811957186841225,0.003750713299363717,1.0037507132993637
us_financials,MVO,2026-01-14,-0.011901820926454539,-0.008195747945126342,0.9918042520548737
us_financials,MVO,2026-01-15,0.025282530181243046,0.016879572991336245,1.0168795729913362
us_financials,MVO,2026-01-16,0.0003276526290830035,0.017212756256887563,1.0172127562568876
us_financials,MVO,2026-01-20,-0.03215123748403513,-0.015491892641317562,0.9845081073586824
us_financials,MVO,2026-01-21,0.0053061027218030835,-0.010267991493224438,0.9897320085067756
us_financials,MVO,2026-01-22,0.011396582596159088,0.0010115710897853347,1.0010115710897853
us_financials,MVO,2026-01-23,-0.029659476950408444,-0.02867790853004437,0.9713220914699556
us_financials,MVO,2026-01-26,0.012316571347317354,-0.016714550689229002,0.983285449310771
us_financials,MVO,2026-01-27,-0.00031151368131912695,-0.01702085755933125,0.9829791424406688
us_financials,MVO,2026-01-28,-2.4229819305703388e-05,-0.017044674966333884,0.9829553250336661
us_financials,MVO,2026-01-29,0.009050596701393644,-0.008148342743966919,0.9918516572560331
us_financials,MVO,2026-01-30,0.000884469371782276,-0.007271080331772484,0.9927289196682275
us_financials,MVO,2026-02-02,0.013422146685230337,0.00605347284668456,1.0060534728466846
us_financials,MVO,2026-02-03,0.00036040981144054254,0.0064160643891322255,1.0064160643891322
us_financials,MVO,2026-02-04,-0.0028960285245708886,0.003501454759074818,1.0035014547590748
us_financials,MVO,2026-02-05,-0.02226210834835009,-0.018838603354498606,0.9811613966455014
us_financials,MVO,2026-02-06,0.036014840866739464,0.016497768210277153,1.0164977682102772
us_financials,MVO,2026-02-09,0.008932284072309463,0.025577415034799822,1.0255774150347998
us_financials,MVO,2026-02-10,-0.021286850281986062,0.0037461021483677914,1.0037461021483678
us_financials,MVO,2026-02-11,-0.023663667522150992,-0.020006211889526226,0.9799937881104738
us_financials,MVO,2026-02-12,-0.035081511244208705,-0.05438587498637848,0.9456141250136215
us_financials,MVO,2026-02-13,0.0024055491075210844,-0.05211115377189268,0.9478888462281073
us_financials,MVO,2026-02-17,0.00767024747175848,-0.0448406117456035,0.9551593882543965
us_financials,MVO,2026-02-18,0.018421002178412728,-0.027245618573837782,0.9727543814261622
us_financials,MVO,2026-02-19,-0.012170923810427354,-0.03908493803643498,0.960915061963565
us_financials,MVO,2026-02-20,0.00801758900384003,-0.03138071600201153,0.9686192839979885
us_financials,MVO,2026-02-23,-0.04532714132819482,-0.07528545918100327,0.9247145408189967
us_financials,MVO,2026-02-24,0.006486061737900884,-0.06928770357931668,0.9307122964206833
us_financials,MVO,2026-02-25,0.030413764194623487,-0.040981239262941616,0.9590187607370584
us_financials,MVO,2026-02-26,0.01243410993045128,-0.029056694566571895,0.9709433054334281
us_financials,MVO,2026-02-27,-0.050339880865401136,-0.07793386488914944,0.9220661351108506
us_financials,MVO,2026-03-02,0.0030597637184303942,-0.0751125603829439,0.9248874396170561
us_financials,MVO,2026-03-03,-0.0012148357987581731,-0.07623614675441248,0.9237638532455875
us_financials,MVO,2026-03-04,0.0074101635992955255,-0.06939090547474702,0.930609094525253
us_financials,MVO,2026-03-05,-0.020853723951406087,-0.08879757063864457,0.9112024293613554
us_financials,MVO,2026-03-06,-0.01791989589202006,-0.10512622330935584,0.8948737766906442
us_financials,MVO,2026-03-09,-0.0027566621486315094,-0.10759308797736178,0.8924069120226382
us_financials,MVO,2026-03-10,0.00020064976870972468,-0.1074140267368695,0.8925859732631305
us_financials,MVO,2026-03-11,-0.007260090338706214,-0.11389428153782188,0.8861057184621781
us_financials,MVO,2026-03-12,-0.028510575729638835,-0.13915766572850385,0.8608423342714961
us_financials,MVO,2026-03-13,0.0025786066578015465,-0.13693789195403394,0.8630621080459661
us_financials,MVO,2026-03-16,0.011383111295679255,-0.12711355992306317,0.8728864400769368
us_financials,MVO,2026-03-17,0.008646680344984456,-0.1195659898982464,0.8804340101017536
us_financials,MVO,2026-03-18,-0.0010727705627444832,-0.12051049358672261,0.8794895064132774
us_financials,MVO,2026-03-19,0.0030741652221843124,-0.11780679753283074,0.8821932024671693
us_financials,MVO,2026-03-20,0.006643758553004845,-0.11194571889853677,0.8880542811014632
us_financials,MVO,2026-03-23,0.01461678089368769,-0.09896522404997532,0.9010347759500247
us_financials,MVO,2026-03-24,0.009478662412321513,-0.09042461958698322,0.9095753804130168
us_financials,MVO,2026-03-25,0.00403134825340928,-0.08675780446581105,0.913242195534189
us_financials,MVO,2026-03-26,-0.015373161475896678,-0.10079722420436055,0.8992027757956395
us_financials,MVO,2026-03-27,-0.029942488536627235,-0.12772159301072494,0.8722784069892751
us_financials,MVO,2026-03-30,0.00323875658804415,-0.12489649557347982,0.8751035044265202
us_financials,MVO,2026-03-31,0.03652515378717513,-0.09293320549460526,0.9070667945053947
us_financials,MVO,2026-04-01,0.008171771229667125,-0.08552086315987961,0.9144791368401204
us_financials,MVO,2026-04-02,-0.00044328203755714774,-0.08592623533496158,0.9140737646650384
us_financials,MVO,2026-04-06,0.007941135651244987,-0.07866745157451238,0.9213325484254876
us_financials,MVO,2026-04-07,-0.00011645957407079831,-0.07877474957067954,0.9212252504293205
us_financials,MVO,2026-04-08,0.04577063655340862,-0.036609683449456365,0.9633903165505436
us_financials,MVO,2026-04-09,0.008893342371841063,-0.02804192352665602,0.971958076473344
us_financials,MVO,2026-04-10,-0.006017378437318514,-0.03389056309800431,0.9661094369019957
us_financials,MVO,2026-04-13,0.012239966926742934,-0.022065415542709577,0.9779345844572904
us_financials,MVO,2026-04-14,0.004315872719209862,-0.01784477434847853,0.9821552256515215
us_financials,MVO,2026-04-15,0.007624072761648972,-0.010356751444877577,0.9896432485551224
us_financials,MVO,2026-04-16,-0.013659408098746332,-0.02387469244906104,0.976125307550939
us_financials,MVO,2026-04-17,0.013079361697968063,-0.01110759648906201,0.988892403510938
us_financials,MVO,2026-04-20,0.009762416060133549,-0.0014536174072827812,0.9985463825927172
us_financials,MVO,2026-04-21,-0.011506018308973248,-0.012942910367753635,0.9870570896322464
us_financials,MVO,2026-04-22,-0.003610020209829447,-0.01650620640958156,0.9834937935904184
us_financials,MVO,2026-04-23,-0.010501935649630662,-0.026834794941679285,0.9731652050583207
us_financials,MVO,2026-04-24,-0.009712719237218382,-0.036286875349840764,0.9637131246501592
us_financials,MVO,2026-04-27,0.013548574715370422,-0.023229936076334945,0.976770063923665
us_financials,MVO,2026-04-28,-0.002446690053453928,-0.02561978967624845,0.9743802103237515
us_financials,MVO,2026-04-29,-0.008625674731292597,-0.03402447643510964,0.9659755235648904
us_financials,MVO,2026-04-30,0.01113633476001503,-0.023267049634710157,0.9767329503652898
us_financials,MVO,2026-05-01,-0.003162442163340307,-0.026355911099269047,0.973644088900731
us_financials,MVO,2026-05-04,-0.012936807134921862,-0.03895175689543451,0.9610482431045655
us_financials,MVO,2026-05-05,0.00946596697411298,-0.02985450596567729,0.9701454940343227
us_financials,MVO,2026-05-06,0.011886940059232687,-0.018322444629356616,0.9816775553706434
us_financials,MVO,2026-05-07,-0.012837793766784652,-0.030925018630686196,0.9690749813693138
us_financials,MVO,2026-05-08,-0.010247631775861181,-0.04085574220295851,0.9591442577970415
us_financials,MVO,2026-05-11,-0.009795956343869233,-0.05025147747981118,0.9497485225201888
us_financials,MVO,2026-05-12,0.009801164815921531,-0.040942835676912814,0.9590571643230872
us_financials,MVO,2026-05-13,-0.0051804211065910885,-0.04591115565339954,0.9540888443466005
us_financials,MVO,2026-05-14,0.004961566466921733,-0.041177380436825284,0.9588226195631747
us_financials,MVO,2026-05-15,-0.004973663243863949,-0.04594624125713198,0.954053758742868
us_financials,MVO,2026-05-18,0.003742180864742763,-0.04237599953722837,0.9576240004627716
us_financials,MVO,2026-05-19,-0.014683250320127126,-0.05643703244858478,0.9435629675514152
us_financials,MVO,2026-05-20,0.028453124676316294,-0.029589717692889428,0.9704102823071106
us_financials,MVO,2026-05-21,0.004129413410167596,-0.02558249245976585,0.9744175075402342
us_financials,MVO,2026-05-22,0.004549698308967675,-0.021149186773481543,0.9788508132265185
us_financials,MVO,2026-05-26,0.0022212720657436343,-0.018974892805530885,0.9810251071944691
us_financials,MVO,2026-05-27,-0.010848493645584037,-0.029617537447088504,0.9703824625529115
us_financials,MVO,2026-05-28,0.00038430408992687565,-0.029244615497936,0.970755384502064
us_financials,MVO,2026-05-29,0.013531944879735218,-0.016108407143147874,0.9838915928568521
us_financials,MVO,2026-06-01,0.007337805768860093,-0.00888880173715001,0.99111119826285
us_financials,MVO,2026-06-02,0.011370174446240498,0.0023803054827209458,1.002380305482721
us_financials,MVO,2026-06-03,-0.01599651283968221,-0.013654283944177892,0.9863457160558221
us_financials,MVO,2026-06-04,0.035698790369103915,0.021557065004762732,1.0215570650047627
us_financials,MVO,2026-06-05,-0.014412452890426143,0.006833921930499587,1.0068339219304996
us_financials,MVO,2026-06-08,-0.001354373151457053,0.005470293098660761,1.0054702930986608
us_financials,MVO,2026-06-09,0.004176449381172464,0.009669588882059932,1.00966958888206
us_financials,MVO,2026-06-10,-0.01426144545064098,-0.004729758882952684,0.9952702411170473
us_financials,MVO,2026-06-11,0.020473738239842103,0.015647143511582362,1.0156471435115824
us_financials,MVO,2026-06-12,0.017881982539735164,0.033808927998388416,1.0338089279983884
us_financials,MVO,2026-06-15,0.012459459875652206,0.046689628855875354,1.0466896288558754
us_financials,MVO,2026-06-16,0.022617205735088318,0.07036282353249201,1.070362823532492
us_financials,MVO,2026-06-17,0.005322720078388264,0.07606006522446873,1.0760600652244687
us_financials,MVO,2026-06-18,-0.01162272719685399,0.06355331263893582,1.0635533126389358
us_financials,MVO,2026-06-22,0.011935251160833963,0.07624708854821849,1.0762470885482185
us_financials,MVO,2026-06-23,-0.0020186415294341322,0.07407453147934251,1.0740745314793425
us_financials,MVO,2026-06-24,-0.008334408258888133,0.06512275583351967,1.0651227558335197
us_financials,MVO,2026-06-25,0.002668415404185592,0.06796494580253443,1.0679649458025344
us_financials,MVO,2026-06-26,-0.018818556126544157,0.047867387528767846,1.0478673875287678
us_financials,MVO,2026-06-29,-0.0011569370813314828,0.04665507089181786,1.0466550708918179
us_financials,MVO,2026-06-30,-0.006974417551547771,0.03935526139497347,1.0393552613949735
us_financials,MVO,2026-07-01,0.019404364953970438,0.059523290203910895,1.059523290203911
us_financials,MVO,2026-07-02,0.0028554137602240484,0.06254866758603717,1.0625486675860372
us_financials,MVO,2026-07-06,0.025577069291526776,0.08972554848250458,1.0897255484825046
us_financials,MVO,2026-07-07,-0.005735309917090757,0.08347563473738573,1.0834756347373857
us_financials,MVO,2026-07-08,-0.022706604069317033,0.05887358248065189,1.0588735824806519
us_financials,MVO,2026-07-09,0.01981556700161986,0.07985576290054253,1.0798557629005425
us_financials,MVO,2026-07-10,0.0046507681887166235,0.0848779217310427,1.0848779217310427
us_financials,MVO,2026-07-13,-0.0021130809632668177,0.08258548684716449,1.0825854868471645
us_financials,MVO,2026-07-14,0.010488742001905402,0.09394044671371149,1.0939404467137115
us_financials,MVO,2026-07-15,0.013728387504406357,0.10895848507294059,1.1089584850729406
us_financials,MVO,2026-07-16,-0.0162155100612917,0.09097615760068556,1.0909761576006856
us_financials,MVO,2026-07-17,-0.014744506111529975,0.0748902529774087,1.0748902529774087
us_financials,MVO,2026-07-20,-0.007731849519081115,0.06657936329186032,1.0665793632918603
us_financials,MVO,2026-07-21,0.014359153856390265,0.08189454046941891,1.081894540469419
us_financials,MVO,2026-07-22,-0.000546904753535094,0.08130284720241243,1.0813028472024124
us_financials,MVO,2026-07-23,-0.005554693881165677,0.07529654089337012,1.0752965408933701
us_financials,MVO,2026-07-24,0.002176967740038917,0.07763742677387042,1.0776374267738704
us_financials,MVO,2026-07-27,0.007728008660279801,0.08596541814062042,1.0859654181406204
us_financials,MVO,2026-07-28,0.0009897040073932799,0.08704020246684463,1.0870402024668446
us_financials,MVO,2026-07-29,-0.033670676577074274,0.050438823383306186,1.0504388233833062
us_financials,MVO,2026-07-30,0.023855111524717212,0.07549715866500772,1.0754971586650077
us_financials,EW,2026-01-02,0.011436314312455512,0.01143631431245562,1.0114363143124556
us_financials,EW,2026-01-05,0.024060324937752696,0.03577180068865626,1.0357718006886563
us_financials,EW,2026-01-06,0.0022980104896777945,0.03815201515155109,1.038152015151551
us_financials,EW,2026-01-07,-0.017709845127733707,0.019766503744172548,1.0197665037441725
us_financials,EW,2026-01-08,0.006021019787578207,0.025906538041925664,1.0259065380419257
us_financials,EW,2026-01-09,-0.0043341478984471535,0.02146010737606807,1.021460107376068
us_financials,EW,2026-01-12,-0.010128581950039886,0.01111416496981299,1.011114164969813
us_financials,EW,2026-01-13,-0.01044855511772088,0.0005494828868175539,1.0005494828868176
us_financials,EW,2026-01-14,-0.004500780573872762,-0.003953770788957867,0.9960462292110421
us_financials,EW,2026-01-15,0.016154115722072312,0.012136475262251034,1.012136475262251
us_financials,EW,2026-01-16,0.00739712323690988,0.01962337350233745,1.0196233735023374
us_financials,EW,2026-01-20,-0.022432616910435806,-0.0032494470283667143,0.9967505529716333
us_financials,EW,2026-01-21,0.007449865332783266,0.004176210361649169,1.0041762103616492
us_financials,EW,2026-01-22,0.00984156073642268,0.014058871525993943,1.014058871525994
us_financials,EW,2026-01-23,-0.018019346805613956,-0.004213806961342548,0.9957861930386575
us_financials,EW,2026-01-26,0.008438105837852098,0.0041887423273896385,1.0041887423273896
us_financials,EW,2026-01-27,-0.0006678187367143732,0.003518126270065647,1.0035181262700656
us_financials,EW,2026-01-28,-0.0012286275357652604,0.002285176267490696,1.0022851762674907
us_financials,EW,2026-01-29,0.010716974376684668,0.01302664081968019,1.0130266408196802
us_financials,EW,2026-01-30,-0.0016709708247398065,0.011333902858186473,1.0113339028581865
us_financials,EW,2026-02-02,0.010829808295271855,0.022286455148649686,1.0222864551486497
us_financials,EW,2026-02-03,-0.0025786178091014404,0.01965036908940032,1.0196503690894003
us_financials,EW,2026-02-04,0.0074209697796427596,0.02721716366421445,1.0272171636642144
us_financials,EW,2026-02-05,-0.009513148323038095,0.017445094426306262,1.0174450944263063
us_financials,EW,2026-02-06,0.023723101051261155,0.0415820472154913,1.0415820472154913
us_financials,EW,2026-02-09,0.005235959768459694,0.04703572891026142,1.0470357289102614
us_financials,EW,2026-02-10,-0.012551893628342244,0.033893447815906086,1.033893447815906
us_financials,EW,2026-02-11,-0.023778235089652773,0.009309286356087743,1.0093092863560877
us_financials,EW,2026-02-12,-0.024736517781019936,-0.015657510752408177,0.9843424892475918
us_financials,EW,2026-02-13,0.0006510165834534797,-0.015016687468110135,0.9849833125318899
us_financials,EW,2026-02-17,0.008165576810512038,-0.006973730572558456,0.9930262694274415
us_financials,EW,2026-02-18,0.012141170182195788,0.005082770359951194,1.0050827703599512
us_financials,EW,2026-02-19,-0.0096856239561049,-0.0046520833985155274,0.9953479166014845
us_financials,EW,2026-02-20,0.008569822256195113,0.0038778713298333045,1.0038778713298333
us_financials,EW,2026-02-23,-0.03447431915696164,-0.030730134801002618,0.9692698651989974
us_financials,EW,2026-02-24,0.0029691111450900203,-0.027852264841640384,0.9721477351583596
us_financials,EW,2026-02-25,0.019631945469885136,-0.008767113516339076,0.9912328864836609
us_financials,EW,2026-02-26,0.013387272879607155,0.0045027916222584174,1.0045027916222584
us_financials,EW,2026-02-27,-0.03773864197137599,-0.03340577959002167,0.9665942204099783
us_financials,EW,2026-03-02,0.004161397582654447,-0.029383396737799883,0.9706166032622001
us_financials,EW,2026-03-03,-0.0035457705821221393,-0.03282498053616634,0.9671750194638337
us_financials,EW,2026-03-04,0.003959696317629353,-0.028995261173092257,0.9710047388269077
us_financials,EW,2026-03-05,-0.014898884466798427,-0.0434621485935881,0.9565378514064119
us_financials,EW,2026-03-06,-0.019346012215527744,-0.06196734155151129,0.9380326584484887
us_financials,EW,2026-03-09,-0.00245830860826142,-0.06427331531060554,0.9357266846893945
us_financials,EW,2026-03-10,-0.0021373487470000207,-0.06627328956766088,0.9337267104323391
us_financials,EW,2026-03-11,-0.006388367826422718,-0.07223827924325832,0.9277617207567417
us_financials,EW,2026-03-12,-0.01596813563267545,-0.08705290423510625,0.9129470957648937
us_financials,EW,2026-03-13,-0.00047718443332282664,-0.08748854837765252,0.9125114516223475
us_financials,EW,2026-03-16,0.008641767032384373,-0.07960283699834925,0.9203971630016508
us_financials,EW,2026-03-17,0.008267101534078461,-0.07199382020013678,0.9280061797998632
us_financials,EW,2026-03-18,-0.006963579412532573,-0.07845606492849411,0.9215439350715059
us_financials,EW,2026-03-19,0.0022910756309784137,-0.07634473807597586,0.9236552619240241
us_financials,EW,2026-03-20,0.0015914052927241402,-0.07487482820349745,0.9251251717965026
us_financials,EW,2026-03-23,0.010956712376296186,-0.06473849778405161,0.9352615022159484
us_financials,EW,2026-03-24,0.005455437416407513,-0.059636237190737185,0.9403637628092628
us_financials,EW,2026-03-25,0.00018084715577389371,-0.05946617507884033,0.9405338249211597
us_financials,EW,2026-03-26,-0.008683587713341214,-0.06763338304490751,0.9323666169550925
us_financials,EW,2026-03-27,-0.02481921278162302,-0.09077398850159801,0.909226011498402
us_financials,EW,2026-03-30,0.006878871249892499,-0.08451953983144733,0.9154804601685527
us_financials,EW,2026-03-31,0.02605436673785401,-0.06066727618087642,0.9393327238191236
us_financials,EW,2026-04-01,0.006019304314644907,-0.055013146663504875,0.9449868533364951
us_financials,EW,2026-04-02,0.005871634197723787,-0.04946452953905489,0.9505354704609451
us_financials,EW,2026-04-06,0.008192058625360368,-0.04167768723955434,0.9583223127604457
us_financials,EW,2026-04-07,0.0015566037026246134,-0.040185959179203645,0.9598140408207964
us_financials,EW,2026-04-08,0.032466459769986813,-0.009024195236226773,0.9909758047637732
us_financials,EW,2026-04-09,0.0043749325535510294,-0.004688742928184442,0.9953112570718156
us_financials,EW,2026-04-10,-0.008106241093136887,-0.012756975940721671,0.9872430240592783
us_financials,EW,2026-04-13,0.015419271232189011,0.002465592019334828,1.0024655920193348
us_financials,EW,2026-04-14,0.0010512187259012662,0.003519402621737333,1.0035194026217373
us_financials,EW,2026-04-15,0.006804889984385527,0.010348241753774579,1.0103482417537746
us_financials,EW,2026-04-16,-0.012074383260253292,-0.0018510901434836136,0.9981489098565164
us_financials,EW,2026-04-17,0.009990123649757165,0.008120540886853433,1.0081205408868534
us_financials,EW,2026-04-20,0.00423280217637922,0.012387715706371871,1.0123877157063719
us_financials,EW,2026-04-21,-0.00782267261623058,0.004468138045707448,1.0044681380457074
us_financials,EW,2026-04-22,-0.00188182864333665,0.002577901132214011,1.002577901132214
us_financials,EW,2026-04-23,-0.008324489831319266,-0.005768048410866533,0.9942319515891335
us_financials,EW,2026-04-24,-0.010348674758368193,-0.01605703151224014,0.9839429684877599
us_financials,EW,2026-04-27,0.008221278844308231,-0.007967762001406031,0.992032237998594
us_financials,EW,2026-04-28,-0.00030782981441852646,-0.00827313910112637,0.9917268608988736
us_financials,EW,2026-04-29,-0.005261139941067128,-0.013490752899630531,0.9865092471003695
us_financials,EW,2026-04-30,0.0121648612290893,-0.0014900048074412142,0.9985099951925588
us_financials,EW,2026-05-01,-0.005098021074704071,-0.0065804298062355215,0.9934195701937645
us_financials,EW,2026-05-04,-0.009367170273038732,-0.015885960072809402,0.9841140399271906
us_financials,EW,2026-05-05,0.004432240843493232,-0.011524129630389068,0.9884758703696109
us_financials,EW,2026-05-06,0.0090665191604407,-0.0025620942120497814,0.9974379057879502
us_financials,EW,2026-05-07,-0.009528774333958113,-0.012066454928438941,0.9879335450715611
us_financials,EW,2026-05-08,-0.008602734995506782,-0.020565385409861192,0.9794346145901388
us_financials,EW,2026-05-11,-0.007378721800857387,-0.02779236095305182,0.9722076390469482
us_financials,EW,2026-05-12,0.006763264314539966,-0.021217063721562512,0.9787829362784375
us_financials,EW,2026-05-13,-0.007361795980974953,-0.028422664008104004,0.971577335991896
us_financials,EW,2026-05-14,0.006711964239217907,-0.021901471673291817,0.9780985283267082
us_financials,EW,2026-05-15,-0.0034161057333230932,-0.025242759663663517,0.9747572403363365
us_financials,EW,2026-05-18,0.0072675233146290395,-0.018158688693415637,0.9818413113065844
us_financials,EW,2026-05-19,-0.011999303194907301,-0.029940100277068726,0.9700598997229313
us_financials,EW,2026-05-20,0.012921294695681979,-0.01740567044028496,0.982594329559715
us_financials,EW,2026-05-21,0.0036235046905638197,-0.013845235278204027,0.986154764721796
us_financials,EW,2026-05-22,0.004699459888162399,-0.009210840517873686,0.9907891594821263
us_financials,EW,2026-05-26,-0.0009323769726457867,-0.010134629514921945,0.989865370485078
us_financials,EW,2026-05-27,-0.009805142068214543,-0.01984040010093402,0.980159599899066
us_financials,EW,2026-05-28,-0.0036988506225352534,-0.023465864047204632,0.9765341359527954
us_financials,EW,2026-05-29,0.006621620169365759,-0.01699962591650539,0.9830003740834946
us_financials,EW,2026-06-01,-0.007677475536920833,-0.02454658724131553,0.9754534127586845
us_financials,EW,2026-06-02,0.0061298411492142005,-0.018567212772646058,0.9814327872273539
us_financials,EW,2026-06-03,-0.015297128461441394,-0.03358031619513335,0.9664196838048666
us_financials,EW,2026-06-04,0.03210922928869573,-0.0025493249787340577,0.9974506750212659
us_financials,EW,2026-06-05,-0.004883376632208451,-0.007420252296913454,0.9925797477030865
us_financials,EW,2026-06-08,-0.00498862057939786,-0.01237185605299862,0.9876281439470014
us_financials,EW,2026-06-09,0.011064818967443714,-0.0014439294330724772,0.9985560705669275
us_financials,EW,2026-06-10,-0.0036086145401580004,-0.005047333388483399,0.9949526666115166
us_financials,EW,2026-06-11,0.011071716947267498,0.005968500912168384,1.0059685009121684
us_financials,EW,2026-06-12,0.01737433578079683,0.0234465354319211,1.023446535431921
us_financials,EW,2026-06-15,0.0036574831640698267,0.027189773904588987,1.027189773904589
us_financials,EW,2026-06-16,0.015760307347181937,0.04337860044520769,1.0433786004452077
us_financials,EW,2026-06-17,-0.004974353527857973,0.038188466423191514,1.0381884664231915
us_financials,EW,2026-06-18,-0.010009695019433672,0.027796516501601864,1.0277965165016019
us_financials,EW,2026-06-22,0.0072420798291753736,0.03523990092225482,1.0352399009222548
us_financials,EW,2026-06-23,0.0016844677442630538,0.036983729142932464,1.0369837291429325
us_financials,EW,2026-06-24,-0.00869106062318548,0.027971240687694188,1.0279712406876942
us_financials,EW,2026-06-25,-0.0021218513007531265,0.025790038573504148,1.0257900385735041
us_financials,EW,2026-06-26,-0.009367178550744433,0.01618128012661102,1.016181280126611
us_financials,EW,2026-06-29,-0.0014792122735462201,0.014678132304899894,1.0146781323049
us_financials,EW,2026-06-30,-0.003982597728346819,0.010637077480179169,1.0106370774801792
us_financials,EW,2026-07-01,0.024695885806973038,0.03559565533792264,1.0355956553379226
us_financials,EW,2026-07-02,0.009655562692662727,0.04559491411228711,1.045594914112287
us_financials,EW,2026-07-06,0.016934773202580255,0.06330182684454999,1.06330182684455
us_financials,EW,2026-07-07,-0.0005423062003820205,0.06272519167097479,1.0627251916709748
us_financials,EW,2026-07-08,-0.01958666907242069,0.041909945026790574,1.0419099450267906
us_financials,EW,2026-07-09,0.012987216998309379,0.055441455575550025,1.05544145557555
us_financials,EW,2026-07-10,0.005572452897287904,0.06132285337258958,1.0613228533725896
us_financials,EW,2026-07-13,0.0033188774965791003,0.06484525390725304,1.064845253907253
us_financials,EW,2026-07-14,0.0026973159085169397,0.06771747795072569,1.0677174779507257
us_financials,EW,2026-07-15,0.01404744961396006,0.08271618542418291,1.082716185424183
us_financials,EW,2026-07-16,-0.003267510436772884,0.07917839898824641,1.0791783989882464
us_financials,EW,2026-07-17,-0.010254219400651549,0.0681122669125771,1.068112266912577
us_financials,EW,2026-07-20,-0.005353190116689761,0.06239445888182549,1.0623944588818255
us_financials,EW,2026-07-21,0.0035639971032083023,0.06618082965574468,1.0661808296557447
us_financials,EW,2026-07-22,0.0052904642633710055,0.07182142123332969,1.0718214212333297
us_financials,EW,2026-07-23,-0.003926800555692767,0.06761259228082728,1.0676125922808273
us_financials,EW,2026-07-24,0.004004649877254933,0.07188800691746056,1.0718880069174606
us_financials,EW,2026-07-27,0.006523578502978654,0.078880552476988,1.078880552476988
us_financials,EW,2026-07-28,0.008942683843894099,0.08852864016311557,1.0885286401631156
us_financials,EW,2026-07-29,-0.019989792865280076,0.06676917811832994,1.06676917811833
us_financials,EW,2026-07-30,0.013191708070374227,0.08084168569453998,1.08084168569454
us_financials,BLM_LLM__gpt_oss_20b,2026-01-02,0.019728174550083948,0.01972817455008391,1.019728174550084
us_financials,BLM_LLM__gpt_oss_20b,2026-01-05,0.022181372296378538,0.04234714483088586,1.0423471448308859
us_financials,BLM_LLM__gpt_oss_20b,2026-01-06,0.00934458374368824,0.052087445015752465,1.0520874450157525
us_financials,BLM_LLM__gpt_oss_20b,2026-01-07,-0.018319914793277423,0.03281329266798694,1.032813292667987
us_financials,BLM_LLM__gpt_oss_20b,2026-01-08,0.0036949507278765266,0.03662948689549106,1.036629486895491
us_financials,BLM_LLM__gpt_oss_20b,2026-01-09,-0.007485081787031048,0.028870230403230224,1.0288702304032302
us_financials,BLM_LLM__gpt_oss_20b,2026-01-12,-0.014748339844167702,0.013696102589696224,1.0136961025896962
us_financials,BLM_LLM__gpt_oss_20b,2026-01-13,-0.013693271197070228,-0.0001847130544775366,0.9998152869455225
us_financials,BLM_LLM__gpt_oss_20b,2026-01-14,-0.00598439898502231,-0.006168006642884194,0.9938319933571158
us_financials,BLM_LLM__gpt_oss_20b,2026-01-15,0.01887817930220517,0.012593731923979501,1.0125937319239795
us_financials,BLM_LLM__gpt_oss_20b,2026-01-16,0.0043480873099447075,0.01699657787988773,1.0169965778798877
us_financials,BLM_LLM__gpt_oss_20b,2026-01-20,-0.02983321773460998,-0.013343702463356255,0.9866562975366437
us_financials,BLM_LLM__gpt_oss_20b,2026-01-21,0.008070458672977713,-0.005380933589653636,0.9946190664103464
us_financials,BLM_LLM__gpt_oss_20b,2026-01-22,0.011132907681338618,0.005692068654792104,1.005692068654792
us_financials,BLM_LLM__gpt_oss_20b,2026-01-23,-0.02958831204081422,-0.024064662089537836,0.9759353379104622
us_financials,BLM_LLM__gpt_oss_20b,2026-01-26,0.010268170411701987,-0.014043591729071214,0.9859564082709288
us_financials,BLM_LLM__gpt_oss_20b,2026-01-27,-0.0020351978450569683,-0.01605020808650437,0.9839497919134956
us_financials,BLM_LLM__gpt_oss_20b,2026-01-28,-0.0004907812912314318,-0.016533112235886605,0.9834668877641134
us_financials,BLM_LLM__gpt_oss_20b,2026-01-29,0.007387337516786531,-0.009267910399389456,0.9907320896006105
us_financials,BLM_LLM__gpt_oss_20b,2026-01-30,-0.0016837624484642994,-0.010936067888347556,0.9890639321116524
us_financials,BLM_LLM__gpt_oss_20b,2026-02-02,0.012054034189962188,0.0009861425653847622,1.0009861425653848
us_financials,BLM_LLM__gpt_oss_20b,2026-02-03,-0.003236767702537243,-0.002253817051558249,0.9977461829484418
us_financials,BLM_LLM__gpt_oss_20b,2026-02-04,0.0002799122206298296,-0.001974535701864233,0.9980254642981358
us_financials,BLM_LLM__gpt_oss_20b,2026-02-05,-0.01871082859493994,-0.020648419097731963,0.979351580902268
us_financials,BLM_LLM__gpt_oss_20b,2026-02-06,0.028758396651561255,0.0075161621271890855,1.007516162127189
us_financials,BLM_LLM__gpt_oss_20b,2026-02-09,0.007215603033917988,0.014785998803355405,1.0147859988033554
us_financials,BLM_LLM__gpt_oss_20b,2026-02-10,-0.018279659049217394,-0.003763943262689473,0.9962360567373105
us_financials,BLM_LLM__gpt_oss_20b,2026-02-11,-0.02154704637182247,-0.025229887774489868,0.9747701122255101
us_financials,BLM_LLM__gpt_oss_20b,2026-02-12,-0.030557947243186317,-0.0550168614381118,0.9449831385618882
us_financials,BLM_LLM__gpt_oss_20b,2026-02-13,-0.000740126318600888,-0.05571626832959553,0.9442837316704045
us_financials,BLM_LLM__gpt_oss_20b,2026-02-17,0.005848702453656777,-0.050193433751226535,0.9498065662487735
us_financials,BLM_LLM__gpt_oss_20b,2026-02-18,0.016342384853227247,-0.034671329309466925,0.9653286706905331
us_financials,BLM_LLM__gpt_oss_20b,2026-02-19,-0.013338556977366169,-0.047547420785357786,0.9524525792146422
us_financials,BLM_LLM__gpt_oss_20b,2026-02-20,0.007781977999585455,-0.04013545576826116,0.9598645442317388
us_financials,BLM_LLM__gpt_oss_20b,2026-02-23,-0.048183282137884656,-0.08638487991713117,0.9136151200828688
us_financials,BLM_LLM__gpt_oss_20b,2026-02-24,0.006823485161909347,-0.08015084070154965,0.9198491592984503
us_financials,BLM_LLM__gpt_oss_20b,2026-02-25,0.027123567584087932,-0.05520124986215169,0.9447987501378483
us_financials,BLM_LLM__gpt_oss_20b,2026-02-26,0.016331584220861235,-0.039771189502510906,0.9602288104974891
us_financials,BLM_LLM__gpt_oss_20b,2026-02-27,-0.05409700728089017,-0.09171669445531405,0.908283305544686
us_financials,BLM_LLM__gpt_oss_20b,2026-03-02,-0.0006370716196539588,-0.09229533597188211,0.9077046640281179
us_financials,BLM_LLM__gpt_oss_20b,2026-03-03,-5.856336715460022e-05,-0.09234849421338953,0.9076515057866105
us_financials,BLM_LLM__gpt_oss_20b,2026-03-04,0.00752413493182149,-0.08551920181278005,0.91448079818722
us_financials,BLM_LLM__gpt_oss_20b,2026-03-05,-0.017519434431770356,-0.10154038819573408,0.8984596118042659
us_financials,BLM_LLM__gpt_oss_20b,2026-03-06,-0.017086755532275833,-0.11689214793825697,0.883107852061743
us_financials,BLM_LLM__gpt_oss_20b,2026-03-09,-0.0007624776305545303,-0.11756549792082105,0.882434502079179
us_financials,BLM_LLM__gpt_oss_20b,2026-03-10,-0.0014553177898987521,-0.11884972055011733,0.8811502794498827
us_financials,BLM_LLM__gpt_oss_20b,2026-03-11,-0.0039321408911028415,-0.12231452759514894,0.8776854724048511
us_financials,BLM_LLM__gpt_oss_20b,2026-03-12,-0.026675790032536843,-0.1457274809716287,0.8542725190283713
us_financials,BLM_LLM__gpt_oss_20b,2026-03-13,0.002375107268621498,-0.1436984921023008,0.8563015078976992
us_financials,BLM_LLM__gpt_oss_20b,2026-03-16,0.006119991935537025,-0.1384579337795787,0.8615420662204213
us_financials,BLM_LLM__gpt_oss_20b,2026-03-17,0.009044918668200322,-0.13066535586138184,0.8693346441386182
us_financials,BLM_LLM__gpt_oss_20b,2026-03-18,-0.007033649560229163,-0.13677995109881935,0.8632200489011806
us_financials,BLM_LLM__gpt_oss_20b,2026-03-19,0.002121916613328433,-0.13494827013609778,0.8650517298639022
us_financials,BLM_LLM__gpt_oss_20b,2026-03-20,0.006301322030968454,-0.12949730061277898,0.870502699387221
us_financials,BLM_LLM__gpt_oss_20b,2026-03-23,0.014600125766330423,-0.1167878517217954,0.8832121482782046
us_financials,BLM_LLM__gpt_oss_20b,2026-03-24,0.006198413949352877,-0.1113133372216698,0.8886866627783302
us_financials,BLM_LLM__gpt_oss_20b,2026-03-25,0.0023564805688649393,-0.10921916436902324,0.8907808356309768
us_financials,BLM_LLM__gpt_oss_20b,2026-03-26,-0.01221870386636288,-0.12010335160942942,0.8798966483905706
us_financials,BLM_LLM__gpt_oss_20b,2026-03-27,-0.026897800215834437,-0.14377063586842131,0.8562293641315787
us_financials,BLM_LLM__gpt_oss_20b,2026-03-30,0.007565098835034795,-0.13729317610330682,0.8627068238966932
us_financials,BLM_LLM__gpt_oss_20b,2026-03-31,0.0291115111627465,-0.11217847676926074,0.8878215232307393
us_financials,BLM_LLM__gpt_oss_20b,2026-04-01,0.004599980660340696,-0.10809451493256506,0.8919054850674349
us_financials,BLM_LLM__gpt_oss_20b,2026-04-02,0.0002719845560611139,-0.10785193041516061,0.8921480695848394
us_financials,BLM_LLM__gpt_oss_20b,2026-04-06,0.007473785502102955,-0.1011842071069683,0.8988157928930317
us_financials,BLM_LLM__gpt_oss_20b,2026-04-07,0.0013939832323143343,-0.09993127296273596,0.900068727037264
us_financials,BLM_LLM__gpt_oss_20b,2026-04-08,0.041621062746952604,-0.06246945599814824,0.9375305440018518
us_financials,BLM_LLM__gpt_oss_20b,2026-04-09,0.007984964972325013,-0.05498330744380875,0.9450166925561913
us_financials,BLM_LLM__gpt_oss_20b,2026-04-10,-0.007549799311149452,-0.06211799381829419,0.9378820061817058
us_financials,BLM_LLM__gpt_oss_20b,2026-04-13,0.015309652965558421,-0.04775934578101049,0.9522406542189895
us_financials,BLM_LLM__gpt_oss_20b,2026-04-14,0.00983551759537765,-0.03839356607140565,0.9616064339285944
us_financials,BLM_LLM__gpt_oss_20b,2026-04-15,0.012363305812618023,-0.026504931657365338,0.9734950683426347
us_financials,BLM_LLM__gpt_oss_20b,2026-04-16,-0.01882957007360807,-0.044835425263034856,0.9551645747369651
us_financials,BLM_LLM__gpt_oss_20b,2026-04-17,0.013241748671891079,-0.03218737602407429,0.9678126239759257
us_financials,BLM_LLM__gpt_oss_20b,2026-04-20,0.006360939264736376,-0.02603117870331828,0.9739688212966817
us_financials,BLM_LLM__gpt_oss_20b,2026-04-21,-0.0103554954468098,-0.03611710839759075,0.9638828916024093
us_financials,BLM_LLM__gpt_oss_20b,2026-04-22,0.00043383634775651103,-0.035698940964232984,0.964301059035767
us_financials,BLM_LLM__gpt_oss_20b,2026-04-23,-0.01784790899213999,-0.052909698506927505,0.9470903014930725
us_financials,BLM_LLM__gpt_oss_20b,2026-04-24,-0.010273671043517316,-0.06263979271297293,0.9373602072870271
us_financials,BLM_LLM__gpt_oss_20b,2026-04-27,0.014440537432080788,-0.04910380755230159,0.9508961924476984
us_financials,BLM_LLM__gpt_oss_20b,2026-04-28,-0.004451962441060759,-0.05333716168642644,0.9466628383135736
us_financials,BLM_LLM__gpt_oss_20b,2026-04-29,-0.006613504874485056,-0.059597920982107144,0.9404020790178929
us_financials,BLM_LLM__gpt_oss_20b,2026-04-30,0.014245285121081058,-0.046201625238039834,0.9537983747619602
us_financials,BLM_LLM__gpt_oss_20b,2026-05-01,-0.0024503453193684146,-0.04853876062125895,0.951461239378741
us_financials,BLM_LLM__gpt_oss_20b,2026-05-04,-0.011398094809282578,-0.059383606035055325,0.9406163939649447
us_financials,BLM_LLM__gpt_oss_20b,2026-05-05,0.006612026718557822,-0.05316422530624554,0.9468357746937545
us_financials,BLM_LLM__gpt_oss_20b,2026-05-06,0.01475690990005293,-0.03919185508894307,0.9608081449110569
us_financials,BLM_LLM__gpt_oss_20b,2026-05-07,-0.015861052462034123,-0.054431283481327086,0.9455687165186729
us_financials,BLM_LLM__gpt_oss_20b,2026-05-08,-0.006067183570846265,-0.06016822246329534,0.9398317775367047
us_financials,BLM_LLM__gpt_oss_20b,2026-05-11,-0.010595478402982795,-0.07012618976462248,0.9298738102353775
us_financials,BLM_LLM__gpt_oss_20b,2026-05-12,0.007876284404984888,-0.0628022391744617,0.9371977608255383
us_financials,BLM_LLM__gpt_oss_20b,2026-05-13,-0.003629394576892425,-0.06620369964507755,0.9337963003549224
us_financials,BLM_LLM__gpt_oss_20b,2026-05-14,0.0047806100521912516,-0.06173958366490184,0.9382604163350982
us_financials,BLM_LLM__gpt_oss_20b,2026-05-15,-0.0018008100902223386,-0.0634292124898943,0.9365707875101057
us_financials,BLM_LLM__gpt_oss_20b,2026-05-18,0.005458762702265251,-0.058316694807002856,0.9416833051929971
us_financials,BLM_LLM__gpt_oss_20b,2026-05-19,-0.012699086003110946,-0.07027521208734255,0.9297247879126574
us_financials,BLM_LLM__gpt_oss_20b,2026-05-20,0.020548182050572083,-0.05117105788838361,0.9488289421116164
us_financials,BLM_LLM__gpt_oss_20b,2026-05-21,0.004085868251285896,-0.04729426783790858,0.9527057321620914
us_financials,BLM_LLM__gpt_oss_20b,2026-05-22,0.005191077234284595,-0.04234869880070946,0.9576513011992905
us_financials,BLM_LLM__gpt_oss_20b,2026-05-26,-0.0013642828196988375,-0.043655206018197834,0.9563447939818022
us_financials,BLM_LLM__gpt_oss_20b,2026-05-27,-0.00897577799290052,-0.05223914457364465,0.9477608554263554
us_financials,BLM_LLM__gpt_oss_20b,2026-05-28,0.0009610415475705252,-0.05132830701441893,0.9486716929855811
us_financials,BLM_LLM__gpt_oss_20b,2026-05-29,0.013864997214074243,-0.03817497663410274,0.9618250233658973
us_financials,BLM_LLM__gpt_oss_20b,2026-06-01,0.003348145406544481,-0.03495464660022063,0.9650453533997794
us_financials,BLM_LLM__gpt_oss_20b,2026-06-02,0.005687731325957307,-0.029465727912719175,0.9705342720872808
us_financials,BLM_LLM__gpt_oss_20b,2026-06-03,-0.018799871838780017,-0.04771164784310378,0.9522883521568962
us_financials,BLM_LLM__gpt_oss_20b,2026-06-04,0.03476435683632938,-0.014605955757641342,0.9853940442423587
us_financials,BLM_LLM__gpt_oss_20b,2026-06-05,-0.012988976981957534,-0.02740521631646342,0.9725947836835366
us_financials,BLM_LLM__gpt_oss_20b,2026-06-08,-0.0005523728087231388,-0.027942451228876175,0.9720575487711238
us_financials,BLM_LLM__gpt_oss_20b,2026-06-09,0.0060063062259684335,-0.022103975921692443,0.9778960240783076
us_financials,BLM_LLM__gpt_oss_20b,2026-06-10,-0.014043233506489408,-0.035836798132891645,0.9641632018671084
us_financials,BLM_LLM__gpt_oss_20b,2026-06-11,0.01784475872677855,-0.018631538422334892,0.9813684615776651
us_financials,BLM_LLM__gpt_oss_20b,2026-06-12,0.019093322543324284,0.00010604614841347448,1.0001060461484135
us_financials,BLM_LLM__gpt_oss_20b,2026-06-15,0.016207242680219187,0.016315007544295268,1.0163150075442953
us_financials,BLM_LLM__gpt_oss_20b,2026-06-16,0.02176981411898766,0.038439996344872274,1.0384399963448723
us_financials,BLM_LLM__gpt_oss_20b,2026-06-17,0.0052967584541493,0.04394036217463859,1.0439403621746386
us_financials,BLM_LLM__gpt_oss_20b,2026-06-18,-0.0099781446950497,0.03352377418785757,1.0335237741878576
us_financials,BLM_LLM__gpt_oss_20b,2026-06-22,0.008977404057376574,0.042802134711646955,1.042802134711647
us_financials,BLM_LLM__gpt_oss_20b,2026-06-23,-0.0005337938225671518,0.04224549337397798,1.042245493373978
us_financials,BLM_LLM__gpt_oss_20b,2026-06-24,-0.005888292501595276,0.03610844705052241,1.0361084470505224
us_financials,BLM_LLM__gpt_oss_20b,2026-06-25,0.0009174049235241611,0.037058978041151436,1.0370589780411514
us_financials,BLM_LLM__gpt_oss_20b,2026-06-26,-0.014645599916506052,0.02187062715894017,1.0218706271589402
us_financials,BLM_LLM__gpt_oss_20b,2026-06-29,-0.0012617463912099494,0.020581285582838893,1.020581285582839
us_financials,BLM_LLM__gpt_oss_20b,2026-06-30,-0.005695326700410703,0.014768741737119395,1.0147687417371194
us_financials,BLM_LLM__gpt_oss_20b,2026-07-01,0.02210768181906459,0.03720292619937626,1.0372029261993763
us_financials,BLM_LLM__gpt_oss_20b,2026-07-02,0.006993300466136728,0.044456397906644574,1.0444563979066446
us_financials,BLM_LLM__gpt_oss_20b,2026-07-06,0.023522730780694372,0.06902486456677637,1.0690248645667764
us_financials,BLM_LLM__gpt_oss_20b,2026-07-07,-0.004833170390572865,0.06385808524456604,1.063858085244566
us_financials,BLM_LLM__gpt_oss_20b,2026-07-08,-0.025131068176640032,0.03712219517401505,1.037122195174015
us_financials,BLM_LLM__gpt_oss_20b,2026-07-09,0.02182453046667879,0.05975690012025914,1.0597569001202591
us_financials,BLM_LLM__gpt_oss_20b,2026-07-10,0.005865833575215463,0.06597325772655083,1.0659732577265508
us_financials,BLM_LLM__gpt_oss_20b,2026-07-13,-0.001437387618922913,0.06444104096379188,1.0644410409637919
us_financials,BLM_LLM__gpt_oss_20b,2026-07-14,0.023349221465146407,0.08929491056584649,1.0892949105658465
us_financials,BLM_LLM__gpt_oss_20b,2026-07-15,0.012306307594059254,0.10270010879591296,1.102700108795913
us_financials,BLM_LLM__gpt_oss_20b,2026-07-16,-0.011871897562418486,0.08960896606222013,1.0896089660622201
us_financials,BLM_LLM__gpt_oss_20b,2026-07-17,-0.014396326152826964,0.07392260000774398,1.073922600007744
us_financials,BLM_LLM__gpt_oss_20b,2026-07-20,-0.008248394410890593,0.065064462836111,1.065064462836111
us_financials,BLM_LLM__gpt_oss_20b,2026-07-21,0.007427167872993839,0.07297487539715486,1.0729748753971549
us_financials,BLM_LLM__gpt_oss_20b,2026-07-22,0.0018942936979858792,0.07500740494171665,1.0750074049417166
us_financials,BLM_LLM__gpt_oss_20b,2026-07-23,-0.009064053103117106,0.06526348073708088,1.0652634807370809
us_financials,BLM_LLM__gpt_oss_20b,2026-07-24,-0.003304232068291513,0.06174360298284953,1.0617436029828495
us_financials,BLM_LLM__gpt_oss_20b,2026-07-27,0.009862756343077293,0.07221532143789045,1.0722153214378904
us_financials,BLM_LLM__gpt_oss_20b,2026-07-28,0.004295515274663354,0.07682103872885504,1.076821038728855
us_financials,BLM_LLM__gpt_oss_20b,2026-07-29,-0.02788584504507336,0.046792974101587115,1.0467929741015871
us_financials,BLM_LLM__gpt_oss_20b,2026-07-30,0.018816773877263056,0.0664902407915644,1.0664902407915644
us_financials,RelViewBL__gpt_oss_20b,2026-01-02,0.019546667186528383,0.01954666718652831,1.0195466671865283
us_financials,RelViewBL__gpt_oss_20b,2026-01-05,0.02565861548461571,0.045706823088488946,1.045706823088489
us_financials,RelViewBL__gpt_oss_20b,2026-01-06,0.009273175941718368,0.05540384644244378,1.0554038464424438
us_financials,RelViewBL__gpt_oss_20b,2026-01-07,-0.016881452575602026,0.03758709646061775,1.0375870964606178
us_financials,RelViewBL__gpt_oss_20b,2026-01-08,0.004074263620482421,0.0418144998208092,1.0418144998208092
us_financials,RelViewBL__gpt_oss_20b,2026-01-09,-0.005246538326741473,0.036348580118144236,1.0363485801181442
us_financials,RelViewBL__gpt_oss_20b,2026-01-12,-0.022023957590631874,0.013524082940510551,1.0135240829405106
us_financials,RelViewBL__gpt_oss_20b,2026-01-13,-0.010578287566158048,0.002802733735939089,1.002802733735939
us_financials,RelViewBL__gpt_oss_20b,2026-01-14,-0.010761862938899433,-0.007989291839280765,0.9920107081607192
us_financials,RelViewBL__gpt_oss_20b,2026-01-15,0.02508600227763845,0.016896291045080725,1.0168962910450807
us_financials,RelViewBL__gpt_oss_20b,2026-01-16,0.0033933810501619813,0.02034700764909325,1.0203470076490933
us_financials,RelViewBL__gpt_oss_20b,2026-01-20,-0.028523173842377493,-0.008756527429631511,0.9912434725703685
us_financials,RelViewBL__gpt_oss_20b,2026-01-21,0.011558400853686025,0.0027006619699365686,1.0027006619699366
us_financials,RelViewBL__gpt_oss_20b,2026-01-22,0.011202502310691335,0.013933418452586555,1.0139334184525866
us_financials,RelViewBL__gpt_oss_20b,2026-01-23,-0.02883043592270996,-0.015298723998005026,0.984701276001995
us_financials,RelViewBL__gpt_oss_20b,2026-01-26,0.010345085349901495,-0.005111905253607607,0.9948880947463924
us_financials,RelViewBL__gpt_oss_20b,2026-01-27,-0.001231938258229554,-0.006337545960182767,0.9936624540398172
us_financials,RelViewBL__gpt_oss_20b,2026-01-28,-0.00280457087691009,-0.00912434274026186,0.9908756572597381
us_financials,RelViewBL__gpt_oss_20b,2026-01-29,0.007184391863665977,-0.0020055037303402523,0.9979944962696597
us_financials,RelViewBL__gpt_oss_20b,2026-01-30,-0.002197970144867652,-0.004199065837883209,0.9958009341621168
us_financials,RelViewBL__gpt_oss_20b,2026-02-02,0.013535261734358752,0.00927936044131994,1.00927936044132
us_financials,RelViewBL__gpt_oss_20b,2026-02-03,0.0016388188260036867,0.0109333864579082,1.0109333864579082
us_financials,RelViewBL__gpt_oss_20b,2026-02-04,-5.068865922684722e-05,0.010882143599981076,1.010882143599981
us_financials,RelViewBL__gpt_oss_20b,2026-02-05,-0.01629918688318495,-0.005594413375429652,0.9944055866245703
us_financials,RelViewBL__gpt_oss_20b,2026-02-06,0.031852322140055414,0.026079713707606977,1.026079713707607
us_financials,RelViewBL__gpt_oss_20b,2026-02-09,0.0048543033411833315,0.031060615890178278,1.0310606158901783
us_financials,RelViewBL__gpt_oss_20b,2026-02-10,-0.006518768934086291,0.024339369978153558,1.0243393699781536
us_financials,RelViewBL__gpt_oss_20b,2026-02-11,-0.021854151053026377,0.00195330265708904,1.001953302657089
us_financials,RelViewBL__gpt_oss_20b,2026-02-12,-0.036958100822977374,-0.0350769885224268,0.9649230114775732
us_financials,RelViewBL__gpt_oss_20b,2026-02-13,0.00015282247477512822,-0.034929526599845384,0.9650704734001546
us_financials,RelViewBL__gpt_oss_20b,2026-02-17,0.010377426062991737,-0.02491457911655892,0.9750854208834411
us_financials,RelViewBL__gpt_oss_20b,2026-02-18,0.016314945730453057,-0.009006113392289627,0.9909938866077104
us_financials,RelViewBL__gpt_oss_20b,2026-02-19,-0.013324355021836428,-0.02221046776192026,0.9777895322380797
us_financials,RelViewBL__gpt_oss_20b,2026-02-20,0.008941379286625748,-0.013467680691687245,0.9865323193083128
us_financials,RelViewBL__gpt_oss_20b,2026-02-23,-0.054121198833409254,-0.06685999250055685,0.9331400074994431
us_financials,RelViewBL__gpt_oss_20b,2026-02-24,0.0032874346489039506,-0.06379235570762465,0.9362076442923754
us_financials,RelViewBL__gpt_oss_20b,2026-02-25,0.029568339467549807,-0.03611025026907255,0.9638897497309274
us_financials,RelViewBL__gpt_oss_20b,2026-02-26,0.017059881463338464,-0.019666405394935915,0.9803335946050641
us_financials,RelViewBL__gpt_oss_20b,2026-02-27,-0.06081967135224,-0.07928997243437597,0.920710027565624
us_financials,RelViewBL__gpt_oss_20b,2026-03-02,0.001471354106471465,-0.07793528195444777,0.9220647180455522
us_financials,RelViewBL__gpt_oss_20b,2026-03-03,-0.003419764357051863,-0.08108852601211503,0.918911473987885
us_financials,RelViewBL__gpt_oss_20b,2026-03-04,0.007954480308261031,-0.07377906278724333,0.9262209372127567
us_financials,RelViewBL__gpt_oss_20b,2026-03-05,-0.01847821856463069,-0.09089397570419777,0.9091060242958022
us_financials,RelViewBL__gpt_oss_20b,2026-03-06,-0.022135576698115264,-0.11101756183171618,0.8889824381682838
us_financials,RelViewBL__gpt_oss_20b,2026-03-09,0.00058215023872078,-0.1105000404931179,0.8894999595068821
us_financials,RelViewBL__gpt_oss_20b,2026-03-10,0.003020640829313464,-0.1078131805977588,0.8921868194022412
us_financials,RelViewBL__gpt_oss_20b,2026-03-11,-0.0015555687609956203,-0.1092010385429929,0.8907989614570071
us_financials,RelViewBL__gpt_oss_20b,2026-03-12,-0.028541510055791523,-0.1346257860591067,0.8653742139408933
us_financials,RelViewBL__gpt_oss_20b,2026-03-13,-0.0015048999945024087,-0.13592808770890885,0.8640719122910911
us_financials,RelViewBL__gpt_oss_20b,2026-03-16,0.006704243426379129,-0.1301351392710125,0.8698648607289875
us_financials,RelViewBL__gpt_oss_20b,2026-03-17,0.009809915643860629,-0.12160183836570249,0.8783981616342975
us_financials,RelViewBL__gpt_oss_20b,2026-03-18,-0.005235216106509844,-0.1262004425694191,0.8737995574305809
us_financials,RelViewBL__gpt_oss_20b,2026-03-19,0.0022784130808947965,-0.1242095662276892,0.8757904337723108
us_financials,RelViewBL__gpt_oss_20b,2026-03-20,0.004965315173332594,-0.11986099069821998,0.88013900930178
us_financials,RelViewBL__gpt_oss_20b,2026-03-23,0.015729081521858045,-0.1060172124703449,0.8939827875296551
us_financials,RelViewBL__gpt_oss_20b,2026-03-24,0.00871576171889766,-0.09822547151344041,0.9017745284865596
us_financials,RelViewBL__gpt_oss_20b,2026-03-25,0.002028486966012293,-0.09639623363612349,0.9036037663638765
us_financials,RelViewBL__gpt_oss_20b,2026-03-26,-0.013181207760414766,-0.10830682261365898,0.891693177386341
us_financials,RelViewBL__gpt_oss_20b,2026-03-27,-0.02807072829310003,-0.133337299516882,0.866662700483118
us_financials,RelViewBL__gpt_oss_20b,2026-03-30,0.005757510281421547,-0.12834748010832586,0.8716525198916741
us_financials,RelViewBL__gpt_oss_20b,2026-03-31,0.035858440713461545,-0.09709137990105099,0.902908620098949
us_financials,RelViewBL__gpt_oss_20b,2026-04-01,0.010871554557235884,-0.08727535957744659,0.9127246404225534
us_financials,RelViewBL__gpt_oss_20b,2026-04-02,-0.001361862532513344,-0.0885183650677398,0.9114816349322602
us_financials,RelViewBL__gpt_oss_20b,2026-04-06,0.011365505627914954,-0.07815891541617603,0.921841084583824
us_financials,RelViewBL__gpt_oss_20b,2026-04-07,0.000385494145868135,-0.07780355107464831,0.9221964489253517
us_financials,RelViewBL__gpt_oss_20b,2026-04-08,0.043857889964172156,-0.037357960692329883,0.9626420393076701
us_financials,RelViewBL__gpt_oss_20b,2026-04-09,0.00989981430463908,-0.027827983261344835,0.9721720167386552
us_financials,RelViewBL__gpt_oss_20b,2026-04-10,-0.005851892054250667,-0.03351702896146258,0.9664829710385374
us_financials,RelViewBL__gpt_oss_20b,2026-04-13,0.014730342380588122,-0.019280403893056963,0.980719596106943
us_financials,RelViewBL__gpt_oss_20b,2026-04-14,0.010992567209021057,-0.008499777819647503,0.9915002221803525
us_financials,RelViewBL__gpt_oss_20b,2026-04-15,0.01343201128067534,0.004818064349471074,1.004818064349471
us_financials,RelViewBL__gpt_oss_20b,2026-04-16,-0.012998973099099856,-0.00824353863849725,0.9917564613615028
us_financials,RelViewBL__gpt_oss_20b,2026-04-17,0.02052292351368378,0.012110203362226457,1.0121102033622265
us_financials,RelViewBL__gpt_oss_20b,2026-04-20,0.0039221187116156705,0.016079819729050593,1.0160798197290506
us_financials,RelViewBL__gpt_oss_20b,2026-04-21,-0.008726620116788068,0.007212877133940587,1.0072128771339406
us_financials,RelViewBL__gpt_oss_20b,2026-04-22,-0.0016665634718950077,0.005534292944486818,1.0055342929444868
us_financials,RelViewBL__gpt_oss_20b,2026-04-23,-0.013579022810044658,-0.00811988015568843,0.9918801198443116
us_financials,RelViewBL__gpt_oss_20b,2026-04-24,-0.01147073045360687,-0.019497469652713817,0.9805025303472862
us_financials,RelViewBL__gpt_oss_20b,2026-04-27,0.011378316772437266,-0.00834100126624615,0.9916589987337538
us_financials,RelViewBL__gpt_oss_20b,2026-04-28,-0.0046037415237182204,-0.012906342976085616,0.9870936570239144
us_financials,RelViewBL__gpt_oss_20b,2026-04-29,-0.007841418316897865,-0.02064655725876663,0.9793534427412334
us_financials,RelViewBL__gpt_oss_20b,2026-04-30,0.01336352469207617,-0.007558943344424307,0.9924410566555757
us_financials,RelViewBL__gpt_oss_20b,2026-05-01,-0.0034242316023263882,-0.010957291374070532,0.9890427086259295
us_financials,RelViewBL__gpt_oss_20b,2026-05-04,-0.013026216987772198,-0.02384077630680581,0.9761592236931942
us_financials,RelViewBL__gpt_oss_20b,2026-05-05,0.00746291546855985,-0.01655578253652845,0.9834442174634715
us_financials,RelViewBL__gpt_oss_20b,2026-05-06,0.013963686876227533,-0.0028232754236318103,0.9971767245763682
us_financials,RelViewBL__gpt_oss_20b,2026-05-07,-0.00853270602196413,-0.011331891266387006,0.988668108733613
us_financials,RelViewBL__gpt_oss_20b,2026-05-08,-0.005898751983578634,-0.01716379923388034,0.9828362007661197
us_financials,RelViewBL__gpt_oss_20b,2026-05-11,-0.010290208924402295,-0.027277389078229408,0.9727226109217706
us_financials,RelViewBL__gpt_oss_20b,2026-05-12,0.002684372834657427,-0.024666238925813877,0.9753337610741861
us_financials,RelViewBL__gpt_oss_20b,2026-05-13,-0.010398686565809237,-0.034808429004276165,0.9651915709957238
us_financials,RelViewBL__gpt_oss_20b,2026-05-14,0.010534422930557953,-0.024640692786397578,0.9753593072136024
us_financials,RelViewBL__gpt_oss_20b,2026-05-15,-0.0059601806078452765,-0.030454010414933563,0.9695459895850664
us_financials,RelViewBL__gpt_oss_20b,2026-05-18,0.000766066086876198,-0.029711274112645625,0.9702887258873544
us_financials,RelViewBL__gpt_oss_20b,2026-05-19,-0.013505598437262067,-0.04281560401268292,0.9571843959873171
us_financials,RelViewBL__gpt_oss_20b,2026-05-20,0.030120307517875925,-0.013984915654232544,0.9860150843457675
us_financials,RelViewBL__gpt_oss_20b,2026-05-21,0.0036407872020433898,-0.010395044554124766,0.9896049554458752
us_financials,RelViewBL__gpt_oss_20b,2026-05-22,0.004792478997229024,-0.005652383589596521,0.9943476164104035
us_financials,RelViewBL__gpt_oss_20b,2026-05-26,0.0025694551581046353,-0.003097451977661758,0.9969025480223382
us_financials,RelViewBL__gpt_oss_20b,2026-05-27,-0.00230888906747675,-0.005399189372130242,0.9946008106278698
us_financials,RelViewBL__gpt_oss_20b,2026-05-28,0.0010839352991695737,-0.004321106444908018,0.995678893555092
us_financials,RelViewBL__gpt_oss_20b,2026-05-29,0.01123285447326625,0.006863209668499071,1.006863209668499
us_financials,RelViewBL__gpt_oss_20b,2026-06-01,0.0022059931269050024,0.009084342988761263,1.0090843429887613
us_financials,RelViewBL__gpt_oss_20b,2026-06-02,0.010642064997979732,0.019823084155291326,1.0198230841552913
us_financials,RelViewBL__gpt_oss_20b,2026-06-03,-0.022471602911344767,-0.0030939752316693214,0.9969060247683307
us_financials,RelViewBL__gpt_oss_20b,2026-06-04,0.039870726572377155,0.03665339230022435,1.0366533923002244
us_financials,RelViewBL__gpt_oss_20b,2026-06-05,-0.01719357340232584,0.01882961610694034,1.0188296161069403
us_financials,RelViewBL__gpt_oss_20b,2026-06-08,0.0013213758679357563,0.020175872975202402,1.0201758729752024
us_financials,RelViewBL__gpt_oss_20b,2026-06-09,0.007031259528863573,0.027348994303175944,1.027348994303176
us_financials,RelViewBL__gpt_oss_20b,2026-06-10,-0.013247571698650581,0.013739114841608169,1.0137391148416082
us_financials,RelViewBL__gpt_oss_20b,2026-06-11,0.02426653152918306,0.03833904703427815,1.0383390470342782
us_financials,RelViewBL__gpt_oss_20b,2026-06-12,0.017270586065327498,0.056271770911073826,1.0562717709110738
us_financials,RelViewBL__gpt_oss_20b,2026-06-15,0.015553358488807779,0.07270034442566153,1.0727003444256615
us_financials,RelViewBL__gpt_oss_20b,2026-06-16,0.01748606153486118,0.09145764865675532,1.0914576486567553
us_financials,RelViewBL__gpt_oss_20b,2026-06-17,0.0018562427346610942,0.09348365898726474,1.0934836589872647
us_financials,RelViewBL__gpt_oss_20b,2026-06-18,-0.0029107567817814417,0.09030079401110047,1.0903007940111005
us_financials,RelViewBL__gpt_oss_20b,2026-06-22,0.009601628366852199,0.10076945704327911,1.100769457043279
us_financials,RelViewBL__gpt_oss_20b,2026-06-23,-0.0008837315428471614,0.0997966723526873,1.0997966723526873
us_financials,RelViewBL__gpt_oss_20b,2026-06-24,-0.003938669002856906,0.09546493728984662,1.0954649372898466
us_financials,RelViewBL__gpt_oss_20b,2026-06-25,0.007415762298200919,0.10358864487080166,1.1035886448708017
us_financials,RelViewBL__gpt_oss_20b,2026-06-26,-0.01869742871453471,0.08295437485315982,1.0829543748531598
us_financials,RelViewBL__gpt_oss_20b,2026-06-29,0.0005170541491773777,0.0835143209060476,1.0835143209060476
us_financials,RelViewBL__gpt_oss_20b,2026-06-30,-0.010693781599961948,0.07192745539784728,1.0719274553978473
us_financials,RelViewBL__gpt_oss_20b,2026-07-01,0.0171879098995355,0.0903516479200639,1.090351647920064
us_financials,RelViewBL__gpt_oss_20b,2026-07-02,0.0039178582420713055,0.09462349111062363,1.0946234911106236
us_financials,RelViewBL__gpt_oss_20b,2026-07-06,0.0223438338210599,0.11908157649262785,1.1190815764926278
us_financials,RelViewBL__gpt_oss_20b,2026-07-07,-0.010275464654468745,0.10758249330791081,1.1075824933079108
us_financials,RelViewBL__gpt_oss_20b,2026-07-08,-0.029063818665073786,0.07539191656579947,1.0753919165657995
us_financials,RelViewBL__gpt_oss_20b,2026-07-09,0.02382630439010311,0.10101453170855246,1.1010145317085525
us_financials,RelViewBL__gpt_oss_20b,2026-07-10,0.005979348750571378,0.10759788157308514,1.1075978815730851
us_financials,RelViewBL__gpt_oss_20b,2026-07-13,0.00010459937968545614,0.10771373562443864,1.1077137356244386
us_financials,RelViewBL__gpt_oss_20b,2026-07-14,0.013371935156753422,0.12252601186945378,1.1225260118694538
us_financials,RelViewBL__gpt_oss_20b,2026-07-15,0.011749888681626448,0.1357155675511501,1.13571556755115
us_financials,RelViewBL__gpt_oss_20b,2026-07-16,-0.011877078270342794,0.12222658486249838,1.1222265848624984
us_financials,RelViewBL__gpt_oss_20b,2026-07-17,-0.016525776470347746,0.10368091917197897,1.103680919171979
us_financials,RelViewBL__gpt_oss_20b,2026-07-20,-0.009090510616331881,0.0936478960592031,1.093647896059203
us_financials,RelViewBL__gpt_oss_20b,2026-07-21,0.014817687754467604,0.10985322909633899,1.109853229096339
us_financials,RelViewBL__gpt_oss_20b,2026-07-22,0.0005670600192668323,0.11048258248981369,1.1104825824898137
us_financials,RelViewBL__gpt_oss_20b,2026-07-23,-0.013550911204877029,0.09543453161993165,1.0954345316199317
us_financials,RelViewBL__gpt_oss_20b,2026-07-24,-0.0035414664575164337,0.09155508696979453,1.0915550869697945
us_financials,RelViewBL__gpt_oss_20b,2026-07-27,0.00560789037677072,0.0976764082377275,1.0976764082377275
us_financials,RelViewBL__gpt_oss_20b,2026-07-28,0.002523113476163507,0.1004459703758187,1.1004459703758187
us_financials,RelViewBL__gpt_oss_20b,2026-07-29,-0.030793539898413755,0.06655934348100234,1.0665593434810023
us_financials,RelViewBL__gpt_oss_20b,2026-07-30,0.023010903872547152,0.0911018380082107,1.0911018380082107
cross_asset_etfs,BL,2026-01-02,0.008279033263970642,0.008279033263970614,1.0082790332639706
cross_asset_etfs,BL,2026-01-05,0.017771333496267673,0.026197496221399108,1.026197496221399
cross_asset_etfs,BL,2026-01-06,0.012285765948893962,0.03880511847731616,1.0388051184773162
cross_asset_etfs,BL,2026-01-07,-0.009653071662438612,0.028777458225346608,1.0287774582253466
cross_asset_etfs,BL,2026-01-08,0.004537310237331515,0.03344534071848848,1.0334453407184885
cross_asset_etfs,BL,2026-01-09,0.011285305397088354,0.045108086999694486,1.0451080869996945
cross_asset_etfs,BL,2026-01-12,0.015475361204083523,0.06128151214332345,1.0612815121433234
cross_asset_etfs,BL,2026-01-13,0.004082218685196632,0.06561389536244855,1.0656138953624485
cross_asset_etfs,BL,2026-01-14,0.009131220096215012,0.07534425037858816,1.0753442503785882
cross_asset_etfs,BL,2026-01-15,-0.0018222997024507385,0.07338465087109114,1.0733846508710911
cross_asset_etfs,BL,2026-01-16,-0.0036795733874189166,0.06943505327528188,1.0694350532752819
cross_asset_etfs,BL,2026-01-20,-0.0025827808654096023,0.06667293688288423,1.0666729368828842
cross_asset_etfs,BL,2026-01-21,0.010926490725025688,0.07832792883437101,1.078327928834371
cross_asset_etfs,BL,2026-01-22,0.007174864841289833,0.08606478597834566,1.0860647859783457
cross_asset_etfs,BL,2026-01-23,0.013090188548402146,0.10028157880258215,1.1002815788025821
cross_asset_etfs,BL,2026-01-26,0.009588940143423923,0.11083211300263218,1.1108321130026322
cross_asset_etfs,BL,2026-01-27,0.015134859277498441,0.1276444007138533,1.1276444007138533
cross_asset_etfs,BL,2026-01-28,0.008003342273508655,0.1366693248155717,1.1366693248155717
cross_asset_etfs,BL,2026-01-29,0.0033081816635433504,0.14042963343343895,1.140429633433439
cross_asset_etfs,BL,2026-01-30,-0.05036422161265506,0.08299278264155818,1.0829927826415582
cross_asset_etfs,BL,2026-02-02,-0.009332196318566438,0.07288608138235664,1.0728860813823566
cross_asset_etfs,BL,2026-02-03,0.011047476989689591,0.08473876567898642,1.0847387656789864
cross_asset_etfs,BL,2026-02-04,-0.0011175267748388166,0.08352654106463464,1.0835265410646346
cross_asset_etfs,BL,2026-02-05,-0.03467520162570106,0.045955039786419905,1.04595503978642
cross_asset_etfs,BL,2026-02-06,0.026220201878345964,0.07338019208529323,1.0733801920852932
cross_asset_etfs,BL,2026-02-09,0.019210943858586092,0.09400083869436227,1.0940008386943623
cross_asset_etfs,BL,2026-02-10,-0.006254834908640748,0.08715804405841454,1.0871580440584145
cross_asset_etfs,BL,2026-02-11,0.010422936911106408,0.09848942376403724,1.0984894237640372
cross_asset_etfs,BL,2026-02-12,-0.03325554592684774,0.06195855828189578,1.0619585582818958
cross_asset_etfs,BL,2026-02-13,0.00724090960816334,0.06964810421003054,1.0696481042100305
cross_asset_etfs,BL,2026-02-17,-0.00860282733456723,0.06044610626076441,1.0604461062607644
cross_asset_etfs,BL,2026-02-18,0.01905735279492126,0.08065540182777631,1.0806554018277763
cross_asset_etfs,BL,2026-02-19,0.0039543812947246335,0.08492872533480722,1.0849287253348072
cross_asset_etfs,BL,2026-02-20,0.017473938003619148,0.10388670261965305,1.103886702619653
cross_asset_etfs,BL,2026-02-23,-0.0005551853175462319,0.10327384093012415,1.1032738409301242
cross_asset_etfs,BL,2026-02-24,0.004147434400903275,0.10784959681161443,1.1078495968116144
cross_asset_etfs,BL,2026-02-25,0.006494940651690825,0.11504501419390545,1.1150450141939054
cross_asset_etfs,BL,2026-02-26,-0.002459092866008745,0.11230301495422257,1.1123030149542226
cross_asset_etfs,BL,2026-02-27,0.007846150927833598,0.12103031228703776,1.1210303122870378
cross_asset_etfs,BL,2026-03-02,0.001608924181111778,0.1228339650642356,1.1228339650642356
cross_asset_etfs,BL,2026-03-03,-0.02243518255399856,0.09764298008018946,1.0976429800801895
cross_asset_etfs,BL,2026-03-04,0.010872689450317594,0.10957731132992232,1.1095773113299223
cross_asset_etfs,BL,2026-03-05,-0.004008315643942786,0.10512977523475464,1.1051297752347546
cross_asset_etfs,BL,2026-03-06,0.013395407611896124,0.1199334390380673,1.1199334390380673
cross_asset_etfs,BL,2026-03-09,0.007004574983318234,0.127778096788135,1.127778096788135
cross_asset_etfs,BL,2026-03-10,0.005999877823720528,0.13454462758113173,1.1345446275811317
cross_asset_etfs,BL,2026-03-11,-0.0015184176819828179,0.13282191495761397,1.132821914957614
cross_asset_etfs,BL,2026-03-12,-0.002826065565505445,0.12962048595190234,1.1296204859519023
cross_asset_etfs,BL,2026-03-13,-0.008863323045228844,0.11960829466640233,1.1196082946664023
cross_asset_etfs,BL,2026-03-16,0.00515362498789894,0.1253783359504541,1.1253783359504541
cross_asset_etfs,BL,2026-03-17,0.004998641290945146,0.13100369856847105,1.131003698568471
cross_asset_etfs,BL,2026-03-18,-0.013956147521055498,0.11521924410439022,1.1152192441043902
cross_asset_etfs,BL,2026-03-19,-0.011912950603290406,0.1019336923375358,1.1019336923375358
cross_asset_etfs,BL,2026-03-20,-0.019603682112394775,0.08033173452401332,1.0803317345240133
cross_asset_etfs,BL,2026-03-23,0.0017850310959618416,0.08226016026409289,1.0822601602640929
cross_asset_etfs,BL,2026-03-24,0.0033819939187811443,0.08592035754464522,1.0859203575446452
cross_asset_etfs,BL,2026-03-25,0.01096647526979153,0.09782907629062176,1.0978290762906218
cross_asset_etfs,BL,2026-03-26,-0.02060052207119835,0.07521322417409348,1.0752132241740935
cross_asset_etfs,BL,2026-03-27,0.005294395094222255,0.08090582779340383,1.0809058277934038
cross_asset_etfs,BL,2026-03-30,0.002181164493433891,0.08326346120573258,1.0832634612057326
cross_asset_etfs,BL,2026-03-31,0.031058473955585995,0.11690797120262864,1.1169079712026286
cross_asset_etfs,BL,2026-04-01,0.002362944770029016,0.1195471630517857,1.1195471630517857
cross_asset_etfs,BL,2026-04-02,0.010864717488671329,0.13171072669358685,1.1317107266935869
cross_asset_etfs,BL,2026-04-06,0.005854574871660024,0.13833641187607526,1.1383364118760753
cross_asset_etfs,BL,2026-04-07,-0.0004946304429253544,0.13777335603247098,1.137773356032471
cross_asset_etfs,BL,2026-04-08,0.013138562291255425,0.1527220621440344,1.1527220621440344
cross_asset_etfs,BL,2026-04-09,0.007428362491799388,0.16128489947393487,1.1612848994739349
cross_asset_etfs,BL,2026-04-10,-0.000748812887690186,0.16041531437492895,1.160415314374929
cross_asset_etfs,BL,2026-04-13,0.009702431549536008,0.17167416453168505,1.171674164531685
cross_asset_etfs,BL,2026-04-14,0.013107418538860119,0.18703178819737132,1.1870317881973713
cross_asset_etfs,BL,2026-04-15,0.0013817345897250658,0.18867195107822687,1.1886719510782269
cross_asset_etfs,BL,2026-04-16,0.004682995206199523,0.19423849612686994,1.19423849612687
cross_asset_etfs,BL,2026-04-17,0.0047711749380379195,0.1999364169096305,1.1999364169096305
cross_asset_etfs,BL,2026-04-20,0.0026223769045057013,0.20308310245620964,1.2030831024562096
cross_asset_etfs,BL,2026-04-21,-0.005719342278684175,0.1962022584035612,1.1962022584035612
cross_asset_etfs,BL,2026-04-22,0.013807102614350565,0.21271834573285697,1.212718345732857
cross_asset_etfs,BL,2026-04-23,-0.002992768522909756,0.20908896044059255,1.2090889604405926
cross_asset_etfs,BL,2026-04-24,0.0064819489932725,0.21692621341049745,1.2169262134104974
cross_asset_etfs,BL,2026-04-27,0.0017659950228434318,0.2190752990465481,1.219075299046548
cross_asset_etfs,BL,2026-04-28,-0.005006628978053452,0.21297184132791247,1.2129718413279125
cross_asset_etfs,BL,2026-04-29,0.007162024300121865,0.22165917513086653,1.2216591751308665
cross_asset_etfs,BL,2026-04-30,0.011939278416770248,0.2362449041531558,1.2362449041531558
cross_asset_etfs,BL,2026-05-01,0.001910665017815707,0.23860695404497423,1.2386069540449742
cross_asset_etfs,BL,2026-05-04,-0.0029979560794860484,0.23489366479700147,1.2348936647970015
cross_asset_etfs,BL,2026-05-05,0.0061602873648268636,0.24250096463715498,1.242500964637155
cross_asset_etfs,BL,2026-05-06,0.013176737375389578,0.25887307353684696,1.258873073536847
cross_asset_etfs,BL,2026-05-07,-0.0019460258069728927,0.256423274048041,1.256423274048041
cross_asset_etfs,BL,2026-05-08,0.01076325736254465,0.2699464811029111,1.269946481102911
cross_asset_etfs,BL,2026-05-11,0.017219736861597713,0.29181462533581515,1.2918146253358151
cross_asset_etfs,BL,2026-05-12,-0.0005686166604005414,0.2910800780177001,1.2910800780177
cross_asset_etfs,BL,2026-05-13,0.005073953920671665,0.2976309588414592,1.2976309588414592
cross_asset_etfs,BL,2026-05-14,-0.002470301451368062,0.2944254192004929,1.294425419200493
cross_asset_etfs,BL,2026-05-15,-0.02153826949823165,0.26654573567639117,1.2665457356763912
cross_asset_etfs,BL,2026-05-18,0.0017876990230752,0.26880993825073984,1.2688099382507398
cross_asset_etfs,BL,2026-05-19,-0.00867355880126728,0.2578048406436897,1.2578048406436897
cross_asset_etfs,BL,2026-05-20,0.007642761873143063,0.26741794352361614,1.2674179435236161
cross_asset_etfs,BL,2026-05-21,0.003628633484319417,0.2720169387121132,1.2720169387121132
cross_asset_etfs,BL,2026-05-22,-0.0015712271281668607,0.270018311190521,1.270018311190521
cross_asset_etfs,BL,2026-05-26,0.011498636344702514,0.28462178990201403,1.284621789902014
cross_asset_etfs,BL,2026-05-27,-0.011606862241453329,0.26971136175425214,1.2697113617542521
cross_asset_etfs,BL,2026-05-28,0.00503676683274085,0.2761066018282903,1.2761066018282903
cross_asset_etfs,BL,2026-05-29,-0.001495072066256045,0.27419873049433185,1.2741987304943319
cross_asset_etfs,BL,2026-06-01,0.009692690278749043,0.2865491441425887,1.2865491441425887
cross_asset_etfs,BL,2026-06-02,0.007027675937228334,0.2955905946049413,1.2955905946049413
cross_asset_etfs,BL,2026-06-03,-0.0063594533380426435,0.28735134667334417,1.2873513466733442
cross_asset_etfs,BL,2026-06-04,-0.0010605270909817635,0.2859860756945851,1.2859860756945851
cross_asset_etfs,BL,2026-06-05,-0.0443269001238406,0.2289822993566215,1.2289822993566215
cross_asset_etfs,BL,2026-06-08,0.009330498934998386,0.24044931739190045,1.2404493173919005
cross_asset_etfs,BL,2026-06-09,-0.011999822552962827,0.2255641456972537,1.2255641456972537
cross_asset_etfs,BL,2026-06-10,-0.011122551477735642,0.21193274539746887,1.2119327453974689
cross_asset_etfs,BL,2026-06-11,0.023214896442459436,0.24006763857709656,1.2400676385770966
cross_asset_etfs,BL,2026-06-12,0.0015568279878249937,0.24199821058362958,1.2419982105836296
cross_asset_etfs,BL,2026-06-15,0.014667940967767655,0.26021576701854343,1.2602157670185434
cross_asset_etfs,BL,2026-06-16,-0.014324577829183581,0.24216370818232202,1.242163708182322
cross_asset_etfs,BL,2026-06-17,-0.013629096216273827,0.22523413948714155,1.2252341394871415
cross_asset_etfs,BL,2026-06-18,0.01163054196380975,0.23948427656193916,1.2394842765619392
cross_asset_etfs,BL,2026-06-22,-0.002769257181473474,0.23605182582774664,1.2360518258277466
cross_asset_etfs,BL,2026-06-23,-0.028106105092078542,0.20131122331177642,1.2013112233117764
cross_asset_etfs,BL,2026-06-24,-0.01707224666668564,0.18080214178393983,1.1808021417839398
cross_asset_etfs,BL,2026-06-25,0.010580243535582446,0.1932953160113513,1.1932953160113513
cross_asset_etfs,BL,2026-06-26,-0.007445347333108296,0.18441081791267555,1.1844108179126756
cross_asset_etfs,BL,2026-06-29,0.007713034970736594,0.19354621997095478,1.1935462199709548
cross_asset_etfs,BL,2026-06-30,0.008268888911101828,0.20341552107415994,1.20341552107416
cross_asset_etfs,BL,2026-07-01,-0.0118499656757735,0.18915508845573803,1.189155088455738
cross_asset_etfs,BL,2026-07-02,0.0008106837062690829,0.19011911711017615,1.1901191171101762
cross_asset_etfs,BL,2026-07-06,0.012625971804509802,0.20514552752681747,1.2051455275268175
cross_asset_etfs,BL,2026-07-07,-0.007562085316398573,0.1960321142289836,1.1960321142289836
cross_asset_etfs,BL,2026-07-08,-0.0011299347641599686,0.19468067596406446,1.1946806759640645
cross_asset_etfs,BL,2026-07-09,0.006779400002874996,0.20277989414212994,1.20277989414213
cross_asset_etfs,BL,2026-07-10,0.0001427982373907523,0.2029516489909824,1.2029516489909824
cross_asset_etfs,BL,2026-07-13,-0.0037208817611577064,0.1984756081406973,1.1984756081406973
cross_asset_etfs,BL,2026-07-14,0.011754051203477452,0.2125625518049019,1.212562551804902
cross_asset_etfs,BL,2026-07-15,-0.00014869120454015196,0.21238225441849368,1.2123822544184937
cross_asset_etfs,BL,2026-07-16,-0.014828445531768984,0.1944045101951657,1.1944045101951657
cross_asset_etfs,BL,2026-07-17,-0.00021135815223170538,0.19415206306487365,1.1941520630648736
cross_asset_etfs,BL,2026-07-20,0.001497600976372358,0.1959404263604565,1.1959404263604565
cross_asset_etfs,BL,2026-07-21,0.02163880178237794,0.22181914419000281,1.2218191441900028
cross_asset_etfs,BL,2026-07-22,0.0026190368241368676,0.2250191335210716,1.2250191335210716
cross_asset_etfs,BL,2026-07-23,-0.0038898956217205006,0.2202539369570642,1.2202539369570642
cross_asset_etfs,BL,2026-07-24,-0.005938700695075337,0.21300721405348888,1.2130072140534889
cross_asset_etfs,BL,2026-07-27,-0.010486025446712765,0.2002875895398779,1.200287589539878
cross_asset_etfs,BL,2026-07-28,-0.011912387943950904,0.18598929812896925,1.1859892981289692
cross_asset_etfs,BL,2026-07-29,-0.0010936729230914923,0.18469221374652922,1.1846922137465292
cross_asset_etfs,BL,2026-07-30,0.020594410741074088,0.20909025179817742,1.2090902517981774
cross_asset_etfs,MVO,2026-01-02,0.00923610229807426,0.009236102298074256,1.0092361022980743
cross_asset_etfs,MVO,2026-01-05,0.018373397625567004,0.027779198503674385,1.0277791985036744
cross_asset_etfs,MVO,2026-01-06,0.016211035830750595,0.04444056391671758,1.0444405639167176
cross_asset_etfs,MVO,2026-01-07,-0.010000170707215036,0.03399597998401038,1.0339959799840104
cross_asset_etfs,MVO,2026-01-08,-0.0020899046797223063,0.031835026946627876,1.0318350269466279
cross_asset_etfs,MVO,2026-01-09,0.01186770192266507,0.04408053747979568,1.0440805374797957
cross_asset_etfs,MVO,2026-01-12,0.01640829028333763,0.06121211401794735,1.0612121140179473
cross_asset_etfs,MVO,2026-01-13,-0.0008464845750559889,0.06031381433256855,1.0603138143325685
cross_asset_etfs,MVO,2026-01-14,0.011818573662729672,0.07284521125286791,1.072845211252868
cross_asset_etfs,MVO,2026-01-15,-0.0007577224658624407,0.07203229233390873,1.0720322923339087
cross_asset_etfs,MVO,2026-01-16,-0.00545294622838372,0.06618655788872085,1.0661865578887209
cross_asset_etfs,MVO,2026-01-20,0.0020674329161488036,0.06839082707325539,1.0683908270732554
cross_asset_etfs,MVO,2026-01-21,0.008685275373497324,0.07767009561290528,1.0776700956129053
cross_asset_etfs,MVO,2026-01-22,0.012619119305862127,0.09126934312180457,1.0912693431218046
cross_asset_etfs,MVO,2026-01-23,0.013756719399860938,0.10628162926480167,1.1062816292648017
cross_asset_etfs,MVO,2026-01-26,0.014024323265829686,0.12179648045666003,1.12179648045666
cross_asset_etfs,MVO,2026-01-27,0.015169549985198887,0.13881362824016752,1.1388136282401675
cross_asset_etfs,MVO,2026-01-28,0.01166516345799038,0.152098075361776,1.152098075361776
cross_asset_etfs,MVO,2026-01-29,-0.0005709453150742066,0.15144029036314222,1.1514402903631422
cross_asset_etfs,MVO,2026-01-30,-0.065438478167617,0.07609179006089928,1.0760917900608993
cross_asset_etfs,MVO,2026-02-02,-0.007734731938059468,0.0677685085240316,1.0677685085240316
cross_asset_etfs,MVO,2026-02-03,0.01586014132717556,0.08470346797393025,1.0847034679739302
cross_asset_etfs,MVO,2026-02-04,-0.0001555475371720598,0.08453474502092484,1.0845347450209248
cross_asset_etfs,MVO,2026-02-05,-0.03569483740790316,0.04582245363418114,1.0458224536341811
cross_asset_etfs,MVO,2026-02-06,0.028364908255179025,0.07548711158272092,1.075487111582721
cross_asset_etfs,MVO,2026-02-09,0.021338471533601723,0.0984363626979845,1.0984363626979845
cross_asset_etfs,MVO,2026-02-10,-0.007047182792875898,0.09069548086371015,1.0906954808637102
cross_asset_etfs,MVO,2026-02-11,0.011770648275405183,0.10353367374453093,1.103533673744531
cross_asset_etfs,MVO,2026-02-12,-0.032040883934903265,0.06817547938582513,1.0681754793858251
cross_asset_etfs,MVO,2026-02-13,0.009458049801082329,0.07827833626615122,1.0782783362661512
cross_asset_etfs,MVO,2026-02-17,-0.01232264523267667,0.06499109486626264,1.0649910948662626
cross_asset_etfs,MVO,2026-02-18,0.014849826743001343,0.08080602810786597,1.080806028107866
cross_asset_etfs,MVO,2026-02-19,0.00010601586103708638,0.08092061068954992,1.08092061068955
cross_asset_etfs,MVO,2026-02-20,0.022108165368935787,0.10481778230136563,1.1048177823013656
cross_asset_etfs,MVO,2026-02-23,0.00452847358754059,0.10982092044756264,1.1098209204475626
cross_asset_etfs,MVO,2026-02-24,0.0012561633944378537,0.11121503686221024,1.1112150368622102
cross_asset_etfs,MVO,2026-02-25,0.008586750387470586,0.12075676301054994,1.12075676301055
cross_asset_etfs,MVO,2026-02-26,-0.0021294032838321836,0.11837021987901819,1.1183702198790182
cross_asset_etfs,MVO,2026-02-27,0.007602498257155335,0.12687262752650286,1.1268726275265029
cross_asset_etfs,MVO,2026-03-02,-0.009462571381698006,0.11620951485045161,1.1162095148504516
cross_asset_etfs,MVO,2026-03-03,-0.035211492725228624,0.07690611163846395,1.076906111638464
cross_asset_etfs,MVO,2026-03-04,0.009851235319089768,0.08751496716078044,1.0875149671607804
cross_asset_etfs,MVO,2026-03-05,-0.013732729567114944,0.07258041821657168,1.0725804182165717
cross_asset_etfs,MVO,2026-03-06,-0.0015736561961378372,0.07089254539558909,1.070892545395589
cross_asset_etfs,MVO,2026-03-09,0.012187797859122504,0.0839443672677116,1.0839443672677116
cross_asset_etfs,MVO,2026-03-10,0.005862009787779717,0.09029845975804363,1.0902984597580436
cross_asset_etfs,MVO,2026-03-11,-0.005338458464124593,0.08447794671712616,1.0844779467171262
cross_asset_etfs,MVO,2026-03-12,-0.0192390073201767,0.0636136675616652,1.0636136675616652
cross_asset_etfs,MVO,2026-03-13,-0.013521267747176133,0.04923226238300793,1.049232262383008
cross_asset_etfs,MVO,2026-03-16,0.011979682900610515,0.06180173217544649,1.0618017321754465
cross_asset_etfs,MVO,2026-03-17,-0.0009560438431660938,0.06078660316673701,1.060786603166737
cross_asset_etfs,MVO,2026-03-18,-0.02240319643574911,0.03702159251958159,1.0370215925195816
cross_asset_etfs,MVO,2026-03-19,-0.014146238477030731,0.02235163776596938,1.0223516377659694
cross_asset_etfs,MVO,2026-03-20,-0.0296224323361311,-0.007932904447485956,0.992067095552514
cross_asset_etfs,MVO,2026-03-23,0.011665977141204958,0.0036405276117712493,1.0036405276117712
cross_asset_etfs,MVO,2026-03-24,-0.0034760483952591416,0.00015182456634921238,1.0001518245663492
cross_asset_etfs,MVO,2026-03-25,0.016941935466340482,0.01709633223469509,1.017096332234695
cross_asset_etfs,MVO,2026-03-26,-0.031349577010445134,-0.014789207559737783,0.9852107924402622
cross_asset_etfs,MVO,2026-03-27,0.0025489985683565548,-0.01227790666027806,0.9877220933397219
cross_asset_etfs,MVO,2026-03-30,-0.002144919621458323,-0.014396491158830349,0.9856035088411697
cross_asset_etfs,MVO,2026-03-31,0.038962729461354755,0.02400531171231024,1.0240053117123102
cross_asset_etfs,MVO,2026-04-01,0.009550325760465191,0.033784896019609434,1.0337848960196094
cross_asset_etfs,MVO,2026-04-02,-0.010443022928199843,0.02298905664764983,1.0229890566476498
cross_asset_etfs,MVO,2026-04-06,0.004176861369542815,0.02726194011982641,1.0272619401198264
cross_asset_etfs,MVO,2026-04-07,0.001329039304949514,0.028627211614724368,1.0286272116147244
cross_asset_etfs,MVO,2026-04-08,0.0296050051326442,0.059079725494155744,1.0590797254941557
cross_asset_etfs,MVO,2026-04-09,0.004914639635729475,0.06428472069046687,1.0642847206904669
cross_asset_etfs,MVO,2026-04-10,0.0018485103101518218,0.0662520619696001,1.0662520619696
cross_asset_etfs,MVO,2026-04-13,0.0034617231421292596,0.06994313140786335,1.0699431314078633
cross_asset_etfs,MVO,2026-04-14,0.02094542110669041,0.09235354085541192,1.092353540855412
cross_asset_etfs,MVO,2026-04-15,0.0005741438209980013,0.09298070889123933,1.0929807088912393
cross_asset_etfs,MVO,2026-04-16,6.392523165011043e-05,0.09305057793624427,1.0930505779362443
cross_asset_etfs,MVO,2026-04-17,0.017379602057650993,0.11204736200966181,1.1120473620096618
cross_asset_etfs,MVO,2026-04-20,-0.0067344281075837715,0.1045583589979795,1.1045583589979795
cross_asset_etfs,MVO,2026-04-21,-0.01950980668747988,0.08300863893888888,1.0830086389388889
cross_asset_etfs,MVO,2026-04-22,0.014049543223618972,0.09822441562321349,1.0982244156232135
cross_asset_etfs,MVO,2026-04-23,-0.010990443637934147,0.08615444208150347,1.0861544420815035
cross_asset_etfs,MVO,2026-04-24,0.009669012594231438,0.09665648306126995,1.09665648306127
cross_asset_etfs,MVO,2026-04-27,-0.002716197504744865,0.09367774745841673,1.0936777474584167
cross_asset_etfs,MVO,2026-04-28,-0.011935538272178465,0.08062411484619703,1.080624114846197
cross_asset_etfs,MVO,2026-04-29,-0.006591896786561858,0.07350075221606112,1.0735007522160611
cross_asset_etfs,MVO,2026-04-30,0.017678824873276787,0.09247898401581978,1.0924789840158198
cross_asset_etfs,MVO,2026-05-01,0.0050306712114183555,0.09797488658978759,1.0979748865897876
cross_asset_etfs,MVO,2026-05-04,-0.01222613648282648,0.084550895771625,1.084550895771625
cross_asset_etfs,MVO,2026-05-05,0.010101520868596427,0.09550650927831694,1.095506509278317
cross_asset_etfs,MVO,2026-05-06,0.02945682593599018,0.1277766538338725,1.1277766538338725
cross_asset_etfs,MVO,2026-05-07,-0.0026213953522296594,0.12482030535515931,1.1248203053551593
cross_asset_etfs,MVO,2026-05-08,0.013079982863975994,0.13953293567425717,1.1395329356742572
cross_asset_etfs,MVO,2026-05-11,0.011102108494747714,0.15218415395945128,1.1521841539594513
cross_asset_etfs,MVO,2026-05-12,-0.0063196089782082,0.14490280063553995,1.14490280063554
cross_asset_etfs,MVO,2026-05-13,0.007129895373409425,0.15306583781679461,1.1530658378167946
cross_asset_etfs,MVO,2026-05-14,-0.00557393779545701,0.1466387205627373,1.1466387205627373
cross_asset_etfs,MVO,2026-05-15,-0.0290981291890734,0.11327367893860885,1.1132736789386088
cross_asset_etfs,MVO,2026-05-18,0.003101022577879537,0.1167259657523565,1.1167259657523565
cross_asset_etfs,MVO,2026-05-19,-0.014257745804180337,0.10080397079973147,1.1008039707997315
cross_asset_etfs,MVO,2026-05-20,0.016846062050680583,0.11934818279745918,1.1193481827974592
cross_asset_etfs,MVO,2026-05-21,0.004712513186531069,0.12462312586921187,1.1246231258692119
cross_asset_etfs,MVO,2026-05-22,-0.00231349561512249,0.12202131519884807,1.122021315198848
cross_asset_etfs,MVO,2026-05-26,0.013933307000562055,0.1376547826446881,1.1376547826446881
cross_asset_etfs,MVO,2026-05-27,-0.007182074010734947,0.1294840617970674,1.1294840617970674
cross_asset_etfs,MVO,2026-05-28,0.005976412389312888,0.1362343243375228,1.1362343243375228
cross_asset_etfs,MVO,2026-05-29,0.0033126657956889898,0.1399982889196436,1.1399982889196436
cross_asset_etfs,MVO,2026-06-01,0.0006024475724331261,0.1406850781213811,1.140685078121381
cross_asset_etfs,MVO,2026-06-02,0.004739774112000221,0.1460916677246058,1.1460916677246058
cross_asset_etfs,MVO,2026-06-03,-0.011133464671936549,0.13333169663119304,1.133331696631193
cross_asset_etfs,MVO,2026-06-04,0.003933182816472674,0.13778929738574663,1.1377892973857466
cross_asset_etfs,MVO,2026-06-05,-0.0436584988683788,0.08811512463337756,1.0881151246333776
cross_asset_etfs,MVO,2026-06-08,0.006544625412864711,0.09523643053017561,1.0952364305301756
cross_asset_etfs,MVO,2026-06-09,-0.010589922886626859,0.08363796118823652,1.0836379611882365
cross_asset_etfs,MVO,2026-06-10,-0.021391766144297653,0.060457031337414424,1.0604570313374144
cross_asset_etfs,MVO,2026-06-11,0.033613894599441564,0.0961031222160269,1.096103122216027
cross_asset_etfs,MVO,2026-06-12,0.004924710911027033,0.10150111322161504,1.101501113221615
cross_asset_etfs,MVO,2026-06-15,0.0235687965176203,0.1274621688230675,1.1274621688230675
cross_asset_etfs,MVO,2026-06-16,-0.005002560959864611,0.12182197059358901,1.121821970593589
cross_asset_etfs,MVO,2026-06-17,-0.015291209757210558,0.10466795553099506,1.104667955530995
cross_asset_etfs,MVO,2026-06-18,0.007936677630883137,0.11343534898321139,1.1134353489832114
cross_asset_etfs,MVO,2026-06-22,-0.0019044369756326506,0.1113148815346312,1.1113148815346312
cross_asset_etfs,MVO,2026-06-23,-0.029689978521885946,0.07831996657081586,1.0783199665708159
cross_asset_etfs,MVO,2026-06-24,-0.015616338598053326,0.061480556855804336,1.0614805568558043
cross_asset_etfs,MVO,2026-06-25,0.007595858735713995,0.0695434132163879,1.069543413216388
cross_asset_etfs,MVO,2026-06-26,-0.0016980192725246288,0.06772730788794457,1.0677273078879446
cross_asset_etfs,MVO,2026-06-29,0.005108776850846912,0.07318208844149954,1.0731820884414995
cross_asset_etfs,MVO,2026-06-30,0.008827915497902936,0.08265604923212422,1.0826560492321242
cross_asset_etfs,MVO,2026-07-01,-0.006749558958894755,0.07534859839562791,1.075348598395628
cross_asset_etfs,MVO,2026-07-02,0.00553662992907743,0.08130240562969648,1.0813024056296965
cross_asset_etfs,MVO,2026-07-06,0.014273399286164466,0.09673626661433943,1.0967362666143394
cross_asset_etfs,MVO,2026-07-07,-0.015989110423681775,0.07920042934178628,1.0792004293417863
cross_asset_etfs,MVO,2026-07-08,-0.006798808716867922,0.07186315205552973,1.0718631520555297
cross_asset_etfs,MVO,2026-07-09,0.011309765066621279,0.08398567248884592,1.083985672488846
cross_asset_etfs,MVO,2026-07-10,0.0012832070570495096,0.08537665055352406,1.085376650553524
cross_asset_etfs,MVO,2026-07-13,-0.020100641463349934,0.06355988364805598,1.063559883648056
cross_asset_etfs,MVO,2026-07-14,0.010972617392487193,0.0752299193253243,1.0752299193253243
cross_asset_etfs,MVO,2026-07-15,-0.0014322351079961485,0.07368993728569873,1.0736899372856987
cross_asset_etfs,MVO,2026-07-16,-0.01605868415780548,0.056447889699413833,1.0564478896994138
cross_asset_etfs,MVO,2026-07-17,-0.004694590951468129,0.05148829899573326,1.0514882989957333
cross_asset_etfs,MVO,2026-07-20,-0.0008381059773482965,0.05060704036723318,1.0506070403672332
cross_asset_etfs,MVO,2026-07-21,0.02022324213550852,0.07185372093384967,1.0718537209338497
cross_asset_etfs,MVO,2026-07-22,0.002621048413192599,0.07466310142827792,1.074663101428278
cross_asset_etfs,MVO,2026-07-23,-0.016722867603558515,0.05669165266466325,1.0566916526646633
cross_asset_etfs,MVO,2026-07-24,-0.0015639888943017074,0.05503899865519424,1.0550389986551942
cross_asset_etfs,MVO,2026-07-27,0.0035348573240662467,0.058768410986766106,1.058768410986766
cross_asset_etfs,MVO,2026-07-28,-0.008610116227662706,0.04965229190999221,1.0496522919099922
cross_asset_etfs,MVO,2026-07-29,-0.010498739599688658,0.038632265827012846,1.0386322658270128
cross_asset_etfs,MVO,2026-07-30,0.02646904466464407,0.06612386966132844,1.0661238696613284
cross_asset_etfs,EW,2026-01-02,0.0041797124882446465,0.004179712488244558,1.0041797124882446
cross_asset_etfs,EW,2026-01-05,0.013017610423027834,0.017251732780124485,1.0172517327801245
cross_asset_etfs,EW,2026-01-06,0.006974789292888473,0.024346849274091475,1.0243468492740915
cross_asset_etfs,EW,2026-01-07,-0.00622732114110552,0.017967912483782156,1.0179679124837822
cross_asset_etfs,EW,2026-01-08,0.0033991152726191597,0.02142810276214213,1.0214281027621421
cross_asset_etfs,EW,2026-01-09,0.007122513494370241,0.02870323820759446,1.0287032382075945
cross_asset_etfs,EW,2026-01-12,0.009084946691103588,0.03804895228767613,1.0380489522876761
cross_asset_etfs,EW,2026-01-13,0.002342362864627167,0.040480439605179885,1.0404804396051799
cross_asset_etfs,EW,2026-01-14,0.00624485778897974,0.0469780919827294,1.0469780919827294
cross_asset_etfs,EW,2026-01-15,-0.0012935208042830601,0.04562380403912125,1.0456238040391213
cross_asset_etfs,EW,2026-01-16,-0.0020043075734292866,0.04352805232972767,1.0435280523297277
cross_asset_etfs,EW,2026-01-20,-0.0020988910461049058,0.041337800644333456,1.0413378006443335
cross_asset_etfs,EW,2026-01-21,0.009138301449804834,0.05085385937769815,1.0508538593776982
cross_asset_etfs,EW,2026-01-22,0.004629159461822861,0.055718429463829544,1.0557184294638295
cross_asset_etfs,EW,2026-01-23,0.008407934474630006,0.06459484084242062,1.0645948408424206
cross_asset_etfs,EW,2026-01-26,0.00645971521420062,0.07147182033276978,1.0714718203327698
cross_asset_etfs,EW,2026-01-27,0.009041301152748094,0.08115931973708168,1.0811593197370817
cross_asset_etfs,EW,2026-01-28,0.005443593666035161,0.08704471176197726,1.0870447117619773
cross_asset_etfs,EW,2026-01-29,0.003948616830074567,0.09133703480588418,1.0913370348058842
cross_asset_etfs,EW,2026-01-30,-0.03239180058201354,0.055986663206686105,1.055986663206686
cross_asset_etfs,EW,2026-02-02,-0.009535292632761466,0.04591752135671712,1.0459175213567171
cross_asset_etfs,EW,2026-02-03,0.0108108598466569,0.05722478909126738,1.0572247890912674
cross_asset_etfs,EW,2026-02-04,0.0005397153403728533,0.05779538952816221,1.0577953895281622
cross_asset_etfs,EW,2026-02-05,-0.0182639614931858,0.03847585526615038,1.0384758552661504
cross_asset_etfs,EW,2026-02-06,0.017877990824422204,0.05704171707798267,1.0570417170779827
cross_asset_etfs,EW,2026-02-09,0.011889576861548087,0.06960949581904408,1.069609495819044
cross_asset_etfs,EW,2026-02-10,-0.0015316921995469268,0.06797118329773677,1.0679711832977368
cross_asset_etfs,EW,2026-02-11,0.005282919780202013,0.07361318938666606,1.073613189386666
cross_asset_etfs,EW,2026-02-12,-0.018081185885231832,0.054200989740529115,1.0542009897405291
cross_asset_etfs,EW,2026-02-13,0.007050871640850653,0.061634025602847364,1.0616340256028474
cross_asset_etfs,EW,2026-02-17,-0.0058973918531592525,0.05537315374922036,1.0553731537492204
cross_asset_etfs,EW,2026-02-18,0.010720698132620127,0.0666874907478372,1.0666874907478372
cross_asset_etfs,EW,2026-02-19,0.002258847573664133,0.06909697519817093,1.069096975198171
cross_asset_etfs,EW,2026-02-20,0.01045928128703929,0.0802789611848913,1.0802789611848913
cross_asset_etfs,EW,2026-02-23,0.001519016075653021,0.08191992229312106,1.081919922293121
cross_asset_etfs,EW,2026-02-24,0.0014675096004323005,0.08350765016598527,1.0835076501659853
cross_asset_etfs,EW,2026-02-25,0.003343649003238312,0.0871305194404639,1.087130519440464
cross_asset_etfs,EW,2026-02-26,0.0003569433383708295,0.08751856343731768,1.0875185634373177
cross_asset_etfs,EW,2026-02-27,0.00539502049402584,0.0933857483746956,1.0933857483746956
cross_asset_etfs,EW,2026-03-02,0.0013664408950504402,0.09487979537534019,1.0948797953753402
cross_asset_etfs,EW,2026-03-03,-0.015137656282783817,0.07830588136198369,1.0783058813619837
cross_asset_etfs,EW,2026-03-04,0.006755717871090153,0.08559061167520254,1.0855906116752025
cross_asset_etfs,EW,2026-03-05,-0.004984435647690205,0.08017955513157071,1.0801795551315707
cross_asset_etfs,EW,2026-03-06,0.007113503640395374,0.08786341632927974,1.0878634163292797
cross_asset_etfs,EW,2026-03-09,0.004386447914205385,0.09263527254277748,1.0926352725427775
cross_asset_etfs,EW,2026-03-10,0.003048006101306943,0.09596563151999105,1.095965631519991
cross_asset_etfs,EW,2026-03-11,-0.0025327843741871398,0.09318978689383117,1.0931897868938312
cross_asset_etfs,EW,2026-03-12,-0.0038101507982209147,0.08902456895469069,1.0890245689546907
cross_asset_etfs,EW,2026-03-13,-0.006445361283775692,0.08200541216086954,1.0820054121608695
cross_asset_etfs,EW,2026-03-16,0.004412234766482965,0.08677947405792841,1.0867794740579284
cross_asset_etfs,EW,2026-03-17,0.004564868785745614,0.09174047975604438,1.0917404797560444
cross_asset_etfs,EW,2026-03-18,-0.01100095324532602,0.07973029378221841,1.0797302937822184
cross_asset_etfs,EW,2026-03-19,-0.008641250987035826,0.07040007331534026,1.0704000733153403
cross_asset_etfs,EW,2026-03-20,-0.017648931471104867,0.05150865577473218,1.0515086557747322
cross_asset_etfs,EW,2026-03-23,0.00025383202453619236,0.05177556234564484,1.0517755623456448
cross_asset_etfs,EW,2026-03-24,0.0010330072235096408,0.05286205409905875,1.0528620540990588
cross_asset_etfs,EW,2026-03-25,0.009045052255233573,0.062385246395937344,1.0623852463959373
cross_asset_etfs,EW,2026-03-26,-0.01454033616379214,0.04693780777788725,1.0469378077778873
cross_asset_etfs,EW,2026-03-27,0.0038395297662381193,0.05095755665425061,1.0509575566542506
cross_asset_etfs,EW,2026-03-30,0.003627275306074207,0.05476966904723457,1.0547696690472346
cross_asset_etfs,EW,2026-03-31,0.02031578857520473,0.07619814663913682,1.0761981466391368
cross_asset_etfs,EW,2026-04-01,0.0028478168445263265,0.0792629618491838,1.0792629618491838
cross_asset_etfs,EW,2026-04-02,0.006653678256501126,0.08644403035148684,1.0864440303514868
cross_asset_etfs,EW,2026-04-06,0.002882955034859746,0.08957619963888197,1.089576199638882
cross_asset_etfs,EW,2026-04-07,0.00037898085071077326,0.08998912815393534,1.0899891281539353
cross_asset_etfs,EW,2026-04-08,0.009640522455831014,0.10049719282051495,1.100497192820515
cross_asset_etfs,EW,2026-04-09,0.004679238456018386,0.10564668160590096,1.105646681605901
cross_asset_etfs,EW,2026-04-10,-0.0016518145015263933,0.10382035838365988,1.1038203583836599
cross_asset_etfs,EW,2026-04-13,0.0067642946597542535,0.1112869245392023,1.1112869245392023
cross_asset_etfs,EW,2026-04-14,0.009332245948594359,0.12165772743845915,1.1216577274384592
cross_asset_etfs,EW,2026-04-15,-0.0006209934648886064,0.12096118531987798,1.120961185319878
cross_asset_etfs,EW,2026-04-16,0.0021576600893131004,0.12337983853111179,1.1233798385311118
cross_asset_etfs,EW,2026-04-17,0.005156169418056163,0.12917217529940683,1.1291721752994068
cross_asset_etfs,EW,2026-04-20,0.0014198800601301427,0.1307754643555683,1.1307754643555683
cross_asset_etfs,EW,2026-04-21,-0.006693150060971653,0.12320701448737159,1.1232070144873716
cross_asset_etfs,EW,2026-04-22,0.00804266634732642,0.13224059374386998,1.13224059374387
cross_asset_etfs,EW,2026-04-23,-0.0014521797139594602,0.13059637692231374,1.1305963769223137
cross_asset_etfs,EW,2026-04-24,0.0035835347489534537,0.13464790832605567,1.1346479083260557
cross_asset_etfs,EW,2026-04-27,-0.0004361483586765063,0.13415303350316354,1.1341530335031635
cross_asset_etfs,EW,2026-04-28,-0.0025734381743485876,0.13123436079119322,1.1312343607911932
cross_asset_etfs,EW,2026-04-29,0.0014432634532397341,0.13286703000117228,1.1328670300011723
cross_asset_etfs,EW,2026-04-30,0.009490007086893314,0.14361794614439116,1.1436179461443912
cross_asset_etfs,EW,2026-05-01,0.0002034092692969195,0.1438505686351712,1.1438505686351712
cross_asset_etfs,EW,2026-05-04,-0.004242624079582826,0.13899764066923503,1.138997640669235
cross_asset_etfs,EW,2026-05-05,0.004960198513245247,0.1446472950730724,1.1446472950730724
cross_asset_etfs,EW,2026-05-06,0.009821707793308779,0.1558896863316812,1.1558896863316812
cross_asset_etfs,EW,2026-05-07,-0.003305712733175807,0.15206864707742795,1.152068647077428
cross_asset_etfs,EW,2026-05-08,0.0068883710287034865,0.1600045233690337,1.1600045233690337
cross_asset_etfs,EW,2026-05-11,0.008575575492279665,0.16995222973057067,1.1699522297305707
cross_asset_etfs,EW,2026-05-12,-0.00034249400241708546,0.1695515281087736,1.1695515281087736
cross_asset_etfs,EW,2026-05-13,0.0008112577977065002,0.1705003359057713,1.1705003359057713
cross_asset_etfs,EW,2026-05-14,-0.0023482421306209532,0.16775171770309139,1.1677517177030914
cross_asset_etfs,EW,2026-05-15,-0.015498069735260387,0.1496538201486588,1.1496538201486588
cross_asset_etfs,EW,2026-05-18,0.0025593811077543934,0.15259622241640503,1.152596222416405
cross_asset_etfs,EW,2026-05-19,-0.0060539841253628,0.14561842318294294,1.145618423182943
cross_asset_etfs,EW,2026-05-20,0.007076742615014846,0.15372566989882785,1.1537256698988279
cross_asset_etfs,EW,2026-05-21,0.002240611481204926,0.1563107208809642,1.1563107208809642
cross_asset_etfs,EW,2026-05-22,-0.0007581716512521801,0.1554340388723534,1.1554340388723534
cross_asset_etfs,EW,2026-05-26,0.005849095889601053,0.16219228335982683,1.1621922833598268
cross_asset_etfs,EW,2026-05-27,-0.00722678829792196,0.1537933657665067,1.1537933657665067
cross_asset_etfs,EW,2026-05-28,0.0039675576720661,0.15837110748683259,1.1583711074868326
cross_asset_etfs,EW,2026-05-29,-0.0004956550033682135,0.1577969550516496,1.1577969550516496
cross_asset_etfs,EW,2026-06-01,0.0031651447161027664,0.16146154996625106,1.161461549966251
cross_asset_etfs,EW,2026-06-02,0.0045366879535531646,0.16673073858849818,1.1667307385884982
cross_asset_etfs,EW,2026-06-03,-0.004869922244489239,0.1610488506113168,1.1610488506113168
cross_asset_etfs,EW,2026-06-04,0.0019641925436546135,0.16332937410650628,1.1633293741065063
cross_asset_etfs,EW,2026-06-05,-0.026303053376094405,0.1327302594854043,1.1327302594854043
cross_asset_etfs,EW,2026-06-08,0.0037707241043817333,0.13700147277860864,1.1370014727786086
cross_asset_etfs,EW,2026-06-09,-0.004876751758686506,0.13145659884660632,1.1314565988466063
cross_asset_etfs,EW,2026-06-10,-0.00937361967389054,0.12085075501150455,1.1208507550115046
cross_asset_etfs,EW,2026-06-11,0.016113590719095926,0.13891168533494946,1.1389116853349495
cross_asset_etfs,EW,2026-06-12,0.0007766190386392404,0.13979618583310938,1.1397961858331094
cross_asset_etfs,EW,2026-06-15,0.007874690753791174,0.14877172831889585,1.1487717283188958
cross_asset_etfs,EW,2026-06-16,-0.005817048422318366,0.14208926754907458,1.1420892675490746
cross_asset_etfs,EW,2026-06-17,-0.01106094595024798,0.12945667989035603,1.129456679890356
cross_asset_etfs,EW,2026-06-18,0.005997161917830525,0.13623021447883366,1.1362302144788337
cross_asset_etfs,EW,2026-06-22,-0.00226961046429764,0.13365141449420137,1.1336514144942014
cross_asset_etfs,EW,2026-06-23,-0.014337916913949917,0.1173972147038016,1.1173972147038016
cross_asset_etfs,EW,2026-06-24,-0.009537122705383913,0.10674046035651719,1.1067404603565172
cross_asset_etfs,EW,2026-06-25,0.007233427783056292,0.11474598755109255,1.1147459875510926
cross_asset_etfs,EW,2026-06-26,-0.00269128708746768,0.11174588606898994,1.11174588606899
cross_asset_etfs,EW,2026-06-29,0.003244649518278613,0.11535311182267183,1.1153531118226718
cross_asset_etfs,EW,2026-06-30,0.0014230189585768805,0.11694028044630311,1.1169402804463031
cross_asset_etfs,EW,2026-07-01,-0.006252753887359205,0.10995632776579445,1.1099563277657944
cross_asset_etfs,EW,2026-07-02,0.004160543851338379,0.11457434974053449,1.1145743497405345
cross_asset_etfs,EW,2026-07-06,0.0076660629576394065,0.1231187468766155,1.1231187468766155
cross_asset_etfs,EW,2026-07-07,-0.004818715799888108,0.11770675682589049,1.1177067568258905
cross_asset_etfs,EW,2026-07-08,-0.002342273832001647,0.11508878153752566,1.1150887815375257
cross_asset_etfs,EW,2026-07-09,0.004057389033870367,0.119613130531528,1.119613130531528
cross_asset_etfs,EW,2026-07-10,-8.019371499017996e-05,0.11952334459523906,1.119523344595239
cross_asset_etfs,EW,2026-07-13,-0.002773573250910353,0.11641826459289994,1.1164182645929
cross_asset_etfs,EW,2026-07-14,0.00755892605359108,0.12485718769983611,1.1248571876998361
cross_asset_etfs,EW,2026-07-15,0.0015736349278813934,0.12662730225927898,1.126627302259279
cross_asset_etfs,EW,2026-07-16,-0.007750424231551807,0.11789546271592077,1.1178954627159208
cross_asset_etfs,EW,2026-07-17,0.0014314983845857806,0.11949572826493449,1.1194957282649345
cross_asset_etfs,EW,2026-07-20,-0.0009844971874749867,0.1183935878690674,1.1183935878690674
cross_asset_etfs,EW,2026-07-21,0.012332210245884193,0.13218585273231764,1.1321858527323176
cross_asset_etfs,EW,2026-07-22,0.0017815962839437746,0.13420295084027933,1.1342029508402793
cross_asset_etfs,EW,2026-07-23,-0.0041977280830864504,0.12944187526161754,1.1294418752616175
cross_asset_etfs,EW,2026-07-24,-0.0009909355146959335,0.128322671195636,1.128322671195636
cross_asset_etfs,EW,2026-07-27,-0.005545790201864928,0.12206523038117711,1.1220652303811771
cross_asset_etfs,EW,2026-07-28,-0.00551745618728372,0.11587428463327454,1.1158742846332745
cross_asset_etfs,EW,2026-07-29,-0.0015507669665725933,0.11414382365381748,1.1141438236538175
cross_asset_etfs,EW,2026-07-30,0.011311932962362438,0.1267469438974198,1.1267469438974198
cross_asset_etfs,BLM_LLM__gpt_oss_20b,2026-01-02,0.008073931363097656,0.008073931363097753,1.0080739313630978
cross_asset_etfs,BLM_LLM__gpt_oss_20b,2026-01-05,0.019511540377383844,0.027743006578276885,1.0277430065782769
cross_asset_etfs,BLM_LLM__gpt_oss_20b,2026-01-06,0.011272658359383488,0.03932840237267943,1.0393284023726794
cross_asset_etfs,BLM_LLM__gpt_oss_20b,2026-01-07,-0.010475283790279843,0.028441142406527398,1.0284411424065274
cross_asset_etfs,BLM_LLM__gpt_oss_20b,2026-01-08,0.003475607299959619,0.032015599948654216,1.0320155999486542
cross_asset_etfs,BLM_LLM__gpt_oss_20b,2026-01-09,0.011541828934158093,0.04392694746064407,1.043926947460644
cross_asset_etfs,BLM_LLM__gpt_oss_20b,2026-01-12,0.017995741047756936,0.06271318647992108,1.062713186479921
cross_asset_etfs,BLM_LLM__gpt_oss_20b,2026-01-13,0.0038831655141226907,0.06683987767706334,1.0668398776770633
cross_asset_etfs,BLM_LLM__gpt_oss_20b,2026-01-14,0.01036152657590827,0.07789396742185306,1.077893967421853
cross_asset_etfs,BLM_LLM__gpt_oss_20b,2026-01-15,-0.00454127134594698,0.07299895843363102,1.072998958433631
cross_asset_etfs,BLM_LLM__gpt_oss_20b,2026-01-16,-0.004136222017851172,0.06856079651662661,1.0685607965166266
cross_asset_etfs,BLM_LLM__gpt_oss_20b,2026-01-20,0.005255690383010664,0.07417682121854141,1.0741768212185414
cross_asset_etfs,BLM_LLM__gpt_oss_20b,2026-01-21,0.009976627777589616,0.08489348353115322,1.0848934835311532
cross_asset_etfs,BLM_LLM__gpt_oss_20b,2026-01-22,0.008660313303395086,0.09428900099934467,1.0942890009993447
cross_asset_etfs,BLM_LLM__gpt_oss_20b,2026-01-23,0.018746263793534418,0.11480283127844171,1.1148028312784417
cross_asset_etfs,BLM_LLM__gpt_oss_20b,2026-01-26,0.012179520798344123,0.12838059554805037,1.1283805955480504
cross_asset_etfs,BLM_LLM__gpt_oss_20b,2026-01-27,0.02023013982473445,0.1512078927715046,1.1512078927715046
cross_asset_etfs,BLM_LLM__gpt_oss_20b,2026-01-28,0.013559155216755008,0.16681729927634703,1.166817299276347
cross_asset_etfs,BLM_LLM__gpt_oss_20b,2026-01-29,0.004445389590495769,0.17200425675256037,1.1720042567525604
cross_asset_etfs,BLM_LLM__gpt_oss_20b,2026-01-30,-0.06432840841190389,0.09661108826369169,1.0966110882636917
cross_asset_etfs,BLM_LLM__gpt_oss_20b,2026-02-02,-0.01690939563330175,0.07806805751637547,1.0780680575163755
cross_asset_etfs,BLM_LLM__gpt_oss_20b,2026-02-03,0.020892326997783033,0.1005914078998722,1.1005914078998722
cross_asset_etfs,BLM_LLM__gpt_oss_20b,2026-02-04,0.00038486896069089675,0.10101499137117598,1.101014991371176
cross_asset_etfs,BLM_LLM__gpt_oss_20b,2026-02-05,-0.03618195927512202,0.06117811179208532,1.0611781117920853
cross_asset_etfs,BLM_LLM__gpt_oss_20b,2026-02-06,0.02551346444565423,0.08825244181779923,1.0882524418177992
cross_asset_etfs,BLM_LLM__gpt_oss_20b,2026-02-09,0.0230662158557748,0.11335430754634257,1.1133543075463426
cross_asset_etfs,BLM_LLM__gpt_oss_20b,2026-02-10,-0.007031766932323553,0.1055254595425783,1.1055254595425783
cross_asset_etfs,BLM_LLM__gpt_oss_20b,2026-02-11,0.013548982119435504,0.12050420422650143,1.1205042042265014
cross_asset_etfs,BLM_LLM__gpt_oss_20b,2026-02-12,-0.034712455812648146,0.08160875154940261,1.0816087515494026
cross_asset_etfs,BLM_LLM__gpt_oss_20b,2026-02-13,0.008985308662566227,0.09132734003420695,1.091327340034207
cross_asset_etfs,BLM_LLM__gpt_oss_20b,2026-02-17,-0.01348271937734331,0.07661327975970322,1.0766132797597032
cross_asset_etfs,BLM_LLM__gpt_oss_20b,2026-02-18,0.02163525839590352,0.09990608625976538,1.0999060862597654
cross_asset_etfs,BLM_LLM__gpt_oss_20b,2026-02-19,0.004146662233924695,0.1044670252885227,1.1044670252885227
cross_asset_etfs,BLM_LLM__gpt_oss_20b,2026-02-20,0.020649965092431135,0.12727423080647204,1.127274230806472
cross_asset_etfs,BLM_LLM__gpt_oss_20b,2026-02-23,0.006758569591072136,0.13489299214359995,1.1348929921436
cross_asset_etfs,BLM_LLM__gpt_oss_20b,2026-02-24,-0.000141416337537407,0.13473249973315427,1.1347324997331543
cross_asset_etfs,BLM_LLM__gpt_oss_20b,2026-02-25,0.005635638823234746,0.14112744226263674,1.1411274422626367
cross_asset_etfs,BLM_LLM__gpt_oss_20b,2026-02-26,-0.0017845128967168156,0.13909108562512174,1.1390910856251217
cross_asset_etfs,BLM_LLM__gpt_oss_20b,2026-02-27,0.012992676809557608,0.15389092795729709,1.153890927957297
cross_asset_etfs,BLM_LLM__gpt_oss_20b,2026-03-02,0.0001982585051437154,0.1541196966477727,1.1541196966477727
cross_asset_etfs,BLM_LLM__gpt_oss_20b,2026-03-03,-0.028844255493592152,0.12082997324747735,1.1208299732474774
cross_asset_etfs,BLM_LLM__gpt_oss_20b,2026-03-04,0.011302877030961458,0.13349857660770947,1.1334985766077095
cross_asset_etfs,BLM_LLM__gpt_oss_20b,2026-03-05,-0.004052453630661855,0.12890512618558558,1.1289051261855856
cross_asset_etfs,BLM_LLM__gpt_oss_20b,2026-03-06,0.019448518269576113,0.15086065815682392,1.150860658156824
cross_asset_etfs,BLM_LLM__gpt_oss_20b,2026-03-09,0.005069172929912688,0.15669456985125385,1.1566945698512539
cross_asset_etfs,BLM_LLM__gpt_oss_20b,2026-03-10,0.008179768730057383,0.16615606392395033,1.1661560639239503
cross_asset_etfs,BLM_LLM__gpt_oss_20b,2026-03-11,-0.0015675583591066306,0.16432804623792352,1.1643280462379235
cross_asset_etfs,BLM_LLM__gpt_oss_20b,2026-03-12,-0.0025815270902992938,0.16132230184456509,1.161322301844565
cross_asset_etfs,BLM_LLM__gpt_oss_20b,2026-03-13,-0.011108869537945619,0.14842132390186702,1.148421323901867
cross_asset_etfs,BLM_LLM__gpt_oss_20b,2026-03-16,0.004556234316574691,0.15365380054771482,1.1536538005477148
cross_asset_etfs,BLM_LLM__gpt_oss_20b,2026-03-17,0.0037531193863150087,0.15798360099164643,1.1579836009916464
cross_asset_etfs,BLM_LLM__gpt_oss_20b,2026-03-18,-0.016455843031373065,0.1389280046208239,1.1389280046208239
cross_asset_etfs,BLM_LLM__gpt_oss_20b,2026-03-19,-0.018917560555865916,0.1173822651246379,1.117382265124638
cross_asset_etfs,BLM_LLM__gpt_oss_20b,2026-03-20,-0.022796022714589362,0.09191039362797726,1.0919103936279773
cross_asset_etfs,BLM_LLM__gpt_oss_20b,2026-03-23,-0.0036201551169592477,0.08795750862922391,1.087957508629224
cross_asset_etfs,BLM_LLM__gpt_oss_20b,2026-03-24,0.0022647370553376084,0.09042144631364946,1.0904214463136495
cross_asset_etfs,BLM_LLM__gpt_oss_20b,2026-03-25,0.014513267224000806,0.10624702415078069,1.1062470241507807
cross_asset_etfs,BLM_LLM__gpt_oss_20b,2026-03-26,-0.024296497341625797,0.07936909626931987,1.0793690962693199
cross_asset_etfs,BLM_LLM__gpt_oss_20b,2026-03-27,0.01400360953214771,0.09448415963454249,1.0944841596345425
cross_asset_etfs,BLM_LLM__gpt_oss_20b,2026-03-30,0.0046733510131475005,0.09959906829084453,1.0995990682908445
cross_asset_etfs,BLM_LLM__gpt_oss_20b,2026-03-31,0.032066447318326946,0.1348593038854744,1.1348593038854744
cross_asset_etfs,BLM_LLM__gpt_oss_20b,2026-04-01,0.004954237340594831,0.14048166622510538,1.1404816662251054
cross_asset_etfs,BLM_LLM__gpt_oss_20b,2026-04-02,0.006319905395028712,0.14768940246041273,1.1476894024604127
cross_asset_etfs,BLM_LLM__gpt_oss_20b,2026-04-06,0.004682164454364001,0.15306307298526312,1.1530630729852631
cross_asset_etfs,BLM_LLM__gpt_oss_20b,2026-04-07,0.0005692553342981647,0.15371946029034222,1.1537194602903422
cross_asset_etfs,BLM_LLM__gpt_oss_20b,2026-04-08,0.010815589934661567,0.1661976168724817,1.1661976168724817
cross_asset_etfs,BLM_LLM__gpt_oss_20b,2026-04-09,0.006919981690794445,0.17426768302908746,1.1742676830290875
cross_asset_etfs,BLM_LLM__gpt_oss_20b,2026-04-10,-9.684828756300966e-05,0.1741539572148456,1.1741539572148456
cross_asset_etfs,BLM_LLM__gpt_oss_20b,2026-04-13,0.006758483530345675,0.18208945739677218,1.1820894573967722
cross_asset_etfs,BLM_LLM__gpt_oss_20b,2026-04-14,0.014245015273659092,0.19892833977222057,1.1989283397722206
cross_asset_etfs,BLM_LLM__gpt_oss_20b,2026-04-15,-0.0011878506158363295,0.19750419200547853,1.1975041920054785
cross_asset_etfs,BLM_LLM__gpt_oss_20b,2026-04-16,0.003729980182727719,0.20197085891039235,1.2019708589103923
cross_asset_etfs,BLM_LLM__gpt_oss_20b,2026-04-17,0.003281804831207293,0.20591549268213494,1.205915492682135
cross_asset_etfs,BLM_LLM__gpt_oss_20b,2026-04-20,0.0001685365526511043,0.20611873352206023,1.2061187335220602
cross_asset_etfs,BLM_LLM__gpt_oss_20b,2026-04-21,-0.010013405901932268,0.19404137707737945,1.1940413770773795
cross_asset_etfs,BLM_LLM__gpt_oss_20b,2026-04-22,0.01419627431631105,0.2109923160113958,1.2109923160113958
cross_asset_etfs,BLM_LLM__gpt_oss_20b,2026-04-23,-0.00427374379275559,0.20581684511776732,1.2058168451177673
cross_asset_etfs,BLM_LLM__gpt_oss_20b,2026-04-24,0.006858648749504144,0.2140871193146654,1.2140871193146654
cross_asset_etfs,BLM_LLM__gpt_oss_20b,2026-04-27,-9.673051938976858e-05,0.21396968003702965,1.2139696800370297
cross_asset_etfs,BLM_LLM__gpt_oss_20b,2026-04-28,-0.00617538028187761,0.20647295561213164,1.2064729556121316
cross_asset_etfs,BLM_LLM__gpt_oss_20b,2026-04-29,0.005827150370824541,0.21350325494281663,1.2135032549428166
cross_asset_etfs,BLM_LLM__gpt_oss_20b,2026-04-30,0.012023138864159703,0.2280933730891037,1.2280933730891037
cross_asset_etfs,BLM_LLM__gpt_oss_20b,2026-05-01,0.0008455494736842969,0.2291317867943543,1.2291317867943543
cross_asset_etfs,BLM_LLM__gpt_oss_20b,2026-05-04,-0.005887465510494757,0.22189531579174981,1.2218953157917498
cross_asset_etfs,BLM_LLM__gpt_oss_20b,2026-05-05,0.005510209267854896,0.22862821468517414,1.2286282146851741
cross_asset_etfs,BLM_LLM__gpt_oss_20b,2026-05-06,0.016893179502249975,0.24938365165737975,1.2493836516573797
cross_asset_etfs,BLM_LLM__gpt_oss_20b,2026-05-07,-0.0006966789466681655,0.24851323237095868,1.2485132323709587
cross_asset_etfs,BLM_LLM__gpt_oss_20b,2026-05-08,0.011089131489464072,0.26235815977105603,1.262358159771056
cross_asset_etfs,BLM_LLM__gpt_oss_20b,2026-05-11,0.0164835105964876,0.2831662538742048,1.2831662538742048
cross_asset_etfs,BLM_LLM__gpt_oss_20b,2026-05-12,-0.00029951911567112273,0.28278192105258526,1.2827819210525853
cross_asset_etfs,BLM_LLM__gpt_oss_20b,2026-05-13,0.0046515088017306866,0.2887487924490624,1.2887487924490624
cross_asset_etfs,BLM_LLM__gpt_oss_20b,2026-05-14,-0.005691048364936649,0.2814144607409812,1.2814144607409812
cross_asset_etfs,BLM_LLM__gpt_oss_20b,2026-05-15,-0.02198093685472481,0.2532477703947025,1.2532477703947025
cross_asset_etfs,BLM_LLM__gpt_oss_20b,2026-05-18,0.003877781497164595,0.25810759141010187,1.2581075914101019
cross_asset_etfs,BLM_LLM__gpt_oss_20b,2026-05-19,-0.009627591525525257,0.24599504542484296,1.245995045424843
cross_asset_etfs,BLM_LLM__gpt_oss_20b,2026-05-20,0.006544519171191492,0.25414948388683545,1.2541494838868354
cross_asset_etfs,BLM_LLM__gpt_oss_20b,2026-05-21,0.0022409158034162207,0.25695992728512373,1.2569599272851237
cross_asset_etfs,BLM_LLM__gpt_oss_20b,2026-05-22,-0.004813135332165933,0.250910009047991,1.250910009047991
cross_asset_etfs,BLM_LLM__gpt_oss_20b,2026-05-26,0.009600689554448703,0.26291960770541345,1.2629196077054134
cross_asset_etfs,BLM_LLM__gpt_oss_20b,2026-05-27,-0.014032519920211517,0.24519766315266156,1.2451976631526616
cross_asset_etfs,BLM_LLM__gpt_oss_20b,2026-05-28,0.005380855919094611,0.2518978923688795,1.2518978923688795
cross_asset_etfs,BLM_LLM__gpt_oss_20b,2026-05-29,0.0005140917989457591,0.2525414828084638,1.2525414828084638
cross_asset_etfs,BLM_LLM__gpt_oss_20b,2026-06-01,0.007785373532939301,0.2622929861176295,1.2622929861176295
cross_asset_etfs,BLM_LLM__gpt_oss_20b,2026-06-02,0.006120970809978619,0.2700194446392963,1.2700194446392963
cross_asset_etfs,BLM_LLM__gpt_oss_20b,2026-06-03,-0.005733344559943734,0.26273798556535066,1.2627379855653507
cross_asset_etfs,BLM_LLM__gpt_oss_20b,2026-06-04,-0.0023036364130063847,0.259829096361716,1.259829096361716
cross_asset_etfs,BLM_LLM__gpt_oss_20b,2026-06-05,-0.045094022336648075,0.20301833495002164,1.2030183349500216
cross_asset_etfs,BLM_LLM__gpt_oss_20b,2026-06-08,0.00898828691448704,0.21383140890794095,1.213831408907941
cross_asset_etfs,BLM_LLM__gpt_oss_20b,2026-06-09,-0.014814414887646609,0.19584920681272222,1.1958492068127222
cross_asset_etfs,BLM_LLM__gpt_oss_20b,2026-06-10,-0.015378064167362182,0.177459360975867,1.177459360975867
cross_asset_etfs,BLM_LLM__gpt_oss_20b,2026-06-11,0.024833514945917703,0.20669981561487205,1.206699815614872
cross_asset_etfs,BLM_LLM__gpt_oss_20b,2026-06-12,-3.08142733734572e-05,0.20666263203687407,1.206662632036874
cross_asset_etfs,BLM_LLM__gpt_oss_20b,2026-06-15,0.01659184179813045,0.22668338753134565,1.2266833875313456
cross_asset_etfs,BLM_LLM__gpt_oss_20b,2026-06-16,-0.012386509736090541,0.21148906180858806,1.211489061808588
cross_asset_etfs,BLM_LLM__gpt_oss_20b,2026-06-17,-0.015291886583179738,0.19296310847864828,1.1929631084786483
cross_asset_etfs,BLM_LLM__gpt_oss_20b,2026-06-18,0.008135842144785577,0.20266886801378337,1.2026688680137834
cross_asset_etfs,BLM_LLM__gpt_oss_20b,2026-06-22,-0.00489639421579647,0.1967801271249221,1.196780127124922
cross_asset_etfs,BLM_LLM__gpt_oss_20b,2026-06-23,-0.03077836615006155,0.15994519017115394,1.159945190171154
cross_asset_etfs,BLM_LLM__gpt_oss_20b,2026-06-24,-0.022661463529097627,0.13365913454833822,1.1336591345483382
cross_asset_etfs,BLM_LLM__gpt_oss_20b,2026-06-25,0.011642779926693313,0.1468580783637703,1.1468580783637703
cross_asset_etfs,BLM_LLM__gpt_oss_20b,2026-06-26,-0.0063013369776947084,0.1396313391464088,1.1396313391464088
cross_asset_etfs,BLM_LLM__gpt_oss_20b,2026-06-29,0.005801300676383025,0.1462426832050261,1.146242683205026
cross_asset_etfs,BLM_LLM__gpt_oss_20b,2026-06-30,0.007405943836724431,0.15473169214009874,1.1547316921400987
cross_asset_etfs,BLM_LLM__gpt_oss_20b,2026-07-01,-0.011151164022188426,0.14185508963942528,1.1418550896394253
cross_asset_etfs,BLM_LLM__gpt_oss_20b,2026-07-02,0.005584613881577738,0.14823190942377584,1.1482319094237758
cross_asset_etfs,BLM_LLM__gpt_oss_20b,2026-07-06,0.013952126697579793,0.16425218650226014,1.1642521865022601
cross_asset_etfs,BLM_LLM__gpt_oss_20b,2026-07-07,-0.008872897736544361,0.15392189591187755,1.1539218959118775
cross_asset_etfs,BLM_LLM__gpt_oss_20b,2026-07-08,-0.0010386426109967703,0.15272338346102132,1.1527233834610213
cross_asset_etfs,BLM_LLM__gpt_oss_20b,2026-07-09,0.006337179232239458,0.16002839814720748,1.1600283981472075
cross_asset_etfs,BLM_LLM__gpt_oss_20b,2026-07-10,0.0003378023643256931,0.16042025848278652,1.1604202584827865
cross_asset_etfs,BLM_LLM__gpt_oss_20b,2026-07-13,-0.006924962775145738,0.15238439138926818,1.1523843913892682
cross_asset_etfs,BLM_LLM__gpt_oss_20b,2026-07-14,0.013783945905353876,0.16826879550235208,1.168268795502352
cross_asset_etfs,BLM_LLM__gpt_oss_20b,2026-07-15,-0.0003602113885701663,0.16784797177730093,1.167847971777301
cross_asset_etfs,BLM_LLM__gpt_oss_20b,2026-07-16,-0.018145236615347105,0.14665709399864868,1.1466570939986487
cross_asset_etfs,BLM_LLM__gpt_oss_20b,2026-07-17,0.002397228068951165,0.14940589256984427,1.1494058925698443
cross_asset_etfs,BLM_LLM__gpt_oss_20b,2026-07-20,0.0016692854283182467,0.15132457907753416,1.1513245790775342
cross_asset_etfs,BLM_LLM__gpt_oss_20b,2026-07-21,0.023108624713542893,0.17793010669891451,1.1779301066989145
cross_asset_etfs,BLM_LLM__gpt_oss_20b,2026-07-22,0.005981375740961714,0.18497574926367188,1.1849757492636719
cross_asset_etfs,BLM_LLM__gpt_oss_20b,2026-07-23,-0.006209729441243687,0.17761737046630954,1.1776173704663095
cross_asset_etfs,BLM_LLM__gpt_oss_20b,2026-07-24,-0.005110013315737448,0.17159973002238305,1.171599730022383
cross_asset_etfs,BLM_LLM__gpt_oss_20b,2026-07-27,-0.010049557243277187,0.15982567146931514,1.1598256714693151
cross_asset_etfs,BLM_LLM__gpt_oss_20b,2026-07-28,-0.014943793433494576,0.1424934762160135,1.1424934762160135
cross_asset_etfs,BLM_LLM__gpt_oss_20b,2026-07-29,0.003429628938969816,0.14641180490462835,1.1464118049046284
cross_asset_etfs,BLM_LLM__gpt_oss_20b,2026-07-30,0.022324424751549086,0.17200478897750937,1.1720047889775094
cross_asset_etfs,RelViewBL__gpt_oss_20b,2026-01-02,0.0093730756627796,0.009373075662779673,1.0093730756627797
cross_asset_etfs,RelViewBL__gpt_oss_20b,2026-01-05,0.014910494733330802,0.02442332759141541,1.0244233275914154
cross_asset_etfs,RelViewBL__gpt_oss_20b,2026-01-06,0.013720276209711647,0.03847869860164166,1.0384786986016417
cross_asset_etfs,RelViewBL__gpt_oss_20b,2026-01-07,-0.007522271441307727,0.0306669799447441,1.030666979944744
cross_asset_etfs,RelViewBL__gpt_oss_20b,2026-01-08,-0.00013715153635641833,0.030525622384972806,1.0305256223849728
cross_asset_etfs,RelViewBL__gpt_oss_20b,2026-01-09,0.010257459337333949,0.041096197052667316,1.0410961970526673
cross_asset_etfs,RelViewBL__gpt_oss_20b,2026-01-12,0.011070437062840634,0.05262158697850161,1.0526215869785016
cross_asset_etfs,RelViewBL__gpt_oss_20b,2026-01-13,-0.002005605026833478,0.050510443832304075,1.050510443832304
cross_asset_etfs,RelViewBL__gpt_oss_20b,2026-01-14,0.007513347211721962,0.058403293546356316,1.0584032935463563
cross_asset_etfs,RelViewBL__gpt_oss_20b,2026-01-15,0.002511849452971826,0.06106184328027431,1.0610618432802743
cross_asset_etfs,RelViewBL__gpt_oss_20b,2026-01-16,-0.0032977723773087424,0.057562702842888225,1.0575627028428882
cross_asset_etfs,RelViewBL__gpt_oss_20b,2026-01-20,-0.008965113444281764,0.04808153323746045,1.0480815332374604
cross_asset_etfs,RelViewBL__gpt_oss_20b,2026-01-21,0.010923963948698531,0.05953073812184306,1.059530738121843
cross_asset_etfs,RelViewBL__gpt_oss_20b,2026-01-22,0.009376623352453442,0.06946555878355865,1.0694655587835586
cross_asset_etfs,RelViewBL__gpt_oss_20b,2026-01-23,0.00532969113397035,0.0751654798902941,1.075165479890294
cross_asset_etfs,RelViewBL__gpt_oss_20b,2026-01-26,0.00875646027831377,0.08458012370756762,1.0845801237075676
cross_asset_etfs,RelViewBL__gpt_oss_20b,2026-01-27,0.009858690498301959,0.09527266346781071,1.0952726634678107
cross_asset_etfs,RelViewBL__gpt_oss_20b,2026-01-28,0.0030724103577390092,0.09863779054359778,1.0986377905435978
cross_asset_etfs,RelViewBL__gpt_oss_20b,2026-01-29,-0.000915113158008662,0.09763241264558586,1.0976324126455859
cross_asset_etfs,RelViewBL__gpt_oss_20b,2026-01-30,-0.03799600832576172,0.055926762356078186,1.0559267623560782
cross_asset_etfs,RelViewBL__gpt_oss_20b,2026-02-02,0.002233816041872131,0.05828550849687142,1.0582855084968714
cross_asset_etfs,RelViewBL__gpt_oss_20b,2026-02-03,0.00337142581967895,0.06185343958480982,1.0618534395848098
cross_asset_etfs,RelViewBL__gpt_oss_20b,2026-02-04,-0.0025344382825832766,0.059162237577033316,1.0591622375770333
cross_asset_etfs,RelViewBL__gpt_oss_20b,2026-02-05,-0.027103544428330135,0.03045518681405457,1.0304551868140546
cross_asset_etfs,RelViewBL__gpt_oss_20b,2026-02-06,0.027758803807573,0.05905939017732176,1.0590593901773218
cross_asset_etfs,RelViewBL__gpt_oss_20b,2026-02-09,0.014432506818953892,0.0743442720477332,1.0743442720477332
cross_asset_etfs,RelViewBL__gpt_oss_20b,2026-02-10,-0.004167613010584822,0.06986682088169993,1.0698668208817
cross_asset_etfs,RelViewBL__gpt_oss_20b,2026-02-11,0.007189877505778753,0.07755903227133643,1.0775590322713364
cross_asset_etfs,RelViewBL__gpt_oss_20b,2026-02-12,-0.02479200841106402,0.050844179679847556,1.0508441796798476
cross_asset_etfs,RelViewBL__gpt_oss_20b,2026-02-13,0.0062954073809343035,0.05745967188481593,1.057459671884816
cross_asset_etfs,RelViewBL__gpt_oss_20b,2026-02-17,-0.005141454300380543,0.05202279130732479,1.0520227913073248
cross_asset_etfs,RelViewBL__gpt_oss_20b,2026-02-18,0.009331566007881112,0.06183981142620443,1.0618398114262044
cross_asset_etfs,RelViewBL__gpt_oss_20b,2026-02-19,-0.0008861999158157399,0.06089880907470868,1.0608988090747087
cross_asset_etfs,RelViewBL__gpt_oss_20b,2026-02-20,0.015440709670903784,0.07727983957583873,1.0772798395758387
cross_asset_etfs,RelViewBL__gpt_oss_20b,2026-02-23,-0.005250401967917552,0.07162368738613178,1.0716236873861318
cross_asset_etfs,RelViewBL__gpt_oss_20b,2026-02-24,0.00628233697567228,0.07835598850140402,1.078355988501404
cross_asset_etfs,RelViewBL__gpt_oss_20b,2026-02-25,0.009375951244760964,0.08846660167408915,1.0884666016740892
cross_asset_etfs,RelViewBL__gpt_oss_20b,2026-02-26,-0.0028684791895539474,0.08534435787866257,1.0853443578786626
cross_asset_etfs,RelViewBL__gpt_oss_20b,2026-02-27,-0.00029703564043035736,0.08502197192223249,1.0850219719222325
cross_asset_etfs,RelViewBL__gpt_oss_20b,2026-03-02,-0.008060447305426675,0.07627620949232328,1.0762762094923233
cross_asset_etfs,RelViewBL__gpt_oss_20b,2026-03-03,-0.027268828676087035,0.04692741792752875,1.0469274179275287
cross_asset_etfs,RelViewBL__gpt_oss_20b,2026-03-04,0.009923356488377869,0.057316451913080435,1.0573164519130804
cross_asset_etfs,RelViewBL__gpt_oss_20b,2026-03-05,-0.014895032945772527,0.04156768852772785,1.0415676885277279
cross_asset_etfs,RelViewBL__gpt_oss_20b,2026-03-06,-0.00898244125394955,0.032211867953515494,1.0322118679535155
cross_asset_etfs,RelViewBL__gpt_oss_20b,2026-03-09,0.012881719644690473,0.045508531850414924,1.045508531850415
cross_asset_etfs,RelViewBL__gpt_oss_20b,2026-03-10,0.002828276848266872,0.048465519425712866,1.0484655194257129
cross_asset_etfs,RelViewBL__gpt_oss_20b,2026-03-11,-0.0040734049974047075,0.04419469473927773,1.0441946947392777
cross_asset_etfs,RelViewBL__gpt_oss_20b,2026-03-12,-0.019372284172616272,0.023966258381250105,1.02396625838125
cross_asset_etfs,RelViewBL__gpt_oss_20b,2026-03-13,-0.009714558971461338,0.014018877779418792,1.0140188777794188
cross_asset_etfs,RelViewBL__gpt_oss_20b,2026-03-16,0.013582931161124835,0.027792226392377772,1.0277922263923778
cross_asset_etfs,RelViewBL__gpt_oss_20b,2026-03-17,0.0014999094843979404,0.029333821700734175,1.0293338217007342
cross_asset_etfs,RelViewBL__gpt_oss_20b,2026-03-18,-0.018848640764663777,0.009932278268578676,1.0099322782685787
cross_asset_etfs,RelViewBL__gpt_oss_20b,2026-03-19,-0.004993902223935741,0.004888775218108821,1.0048887752181088
cross_asset_etfs,RelViewBL__gpt_oss_20b,2026-03-20,-0.02560284874422047,-0.020839240098565415,0.9791607599014346
cross_asset_etfs,RelViewBL__gpt_oss_20b,2026-03-23,0.018188602621482478,-0.0030296741341693245,0.9969703258658307
cross_asset_etfs,RelViewBL__gpt_oss_20b,2026-03-24,-0.0031739902324874458,-0.006194048210547254,0.9938059517894527
cross_asset_etfs,RelViewBL__gpt_oss_20b,2026-03-25,0.012788411545395388,0.006515151297199484,1.0065151512971995
cross_asset_etfs,RelViewBL__gpt_oss_20b,2026-03-26,-0.025435426271824116,-0.019085990625094418,0.9809140093749056
cross_asset_etfs,RelViewBL__gpt_oss_20b,2026-03-27,-0.0084049781887502,-0.027330551478930043,0.97266944852107
cross_asset_etfs,RelViewBL__gpt_oss_20b,2026-03-30,-0.0042437917089525636,-0.03145835802011532,0.9685416419798847
cross_asset_etfs,RelViewBL__gpt_oss_20b,2026-03-31,0.03612532865438867,0.003530527111869297,1.0035305271118693
cross_asset_etfs,RelViewBL__gpt_oss_20b,2026-04-01,0.008116099438036064,0.011675280659013909,1.011675280659014
cross_asset_etfs,RelViewBL__gpt_oss_20b,2026-04-02,-0.004842605242938302,0.006776136640743502,1.0067761366407435
cross_asset_etfs,RelViewBL__gpt_oss_20b,2026-04-06,0.0053862281853357995,0.012198862644241304,1.0121988626442413
cross_asset_etfs,RelViewBL__gpt_oss_20b,2026-04-07,0.0002149516786073756,0.012416436488851268,1.0124164364888513
cross_asset_etfs,RelViewBL__gpt_oss_20b,2026-04-08,0.03340907217536768,0.04624033028703578,1.0462403302870358
cross_asset_etfs,RelViewBL__gpt_oss_20b,2026-04-09,0.004210048717209437,0.05064505304745337,1.0506450530474534
cross_asset_etfs,RelViewBL__gpt_oss_20b,2026-04-10,0.0009583450939626254,0.051651933579537346,1.0516519335795373
cross_asset_etfs,RelViewBL__gpt_oss_20b,2026-04-13,0.007112801308324145,0.059132124828603416,1.0591321248286034
cross_asset_etfs,RelViewBL__gpt_oss_20b,2026-04-14,0.017253602495609963,0.07740596950072698,1.077405969500727
cross_asset_etfs,RelViewBL__gpt_oss_20b,2026-04-15,0.0025680251086840607,0.08017277508265108,1.080172775082651
cross_asset_etfs,RelViewBL__gpt_oss_20b,2026-04-16,0.0010166109263697173,0.08127089052816716,1.0812708905281672
cross_asset_etfs,RelViewBL__gpt_oss_20b,2026-04-17,0.017853710110335787,0.10057558755840157,1.1005755875584016
cross_asset_etfs,RelViewBL__gpt_oss_20b,2026-04-20,-0.003572651540802854,0.0966436144897409,1.096643614489741
cross_asset_etfs,RelViewBL__gpt_oss_20b,2026-04-21,-0.014561784524503388,0.08067452647536877,1.0806745264753688
cross_asset_etfs,RelViewBL__gpt_oss_20b,2026-04-22,0.012112632627963589,0.09376434000496348,1.0937643400049635
cross_asset_etfs,RelViewBL__gpt_oss_20b,2026-04-23,-0.008820885447559346,0.08411637005515438,1.0841163700551544
cross_asset_etfs,RelViewBL__gpt_oss_20b,2026-04-24,0.009135225386711823,0.09402001744103217,1.0940200174410322
cross_asset_etfs,RelViewBL__gpt_oss_20b,2026-04-27,-0.000991459789440631,0.09293534058489628,1.0929353405848963
cross_asset_etfs,RelViewBL__gpt_oss_20b,2026-04-28,-0.009382387263833593,0.08268099796519901,1.082680997965199
cross_asset_etfs,RelViewBL__gpt_oss_20b,2026-04-29,-0.00524680866331453,0.0770003779254691,1.077000377925469
cross_asset_etfs,RelViewBL__gpt_oss_20b,2026-04-30,0.018093102364946746,0.09648665601036077,1.0964866560103608
cross_asset_etfs,RelViewBL__gpt_oss_20b,2026-05-01,0.004520809969034319,0.10144366381576564,1.1014436638157656
cross_asset_etfs,RelViewBL__gpt_oss_20b,2026-05-04,-0.00880668435287757,0.09174359713606317,1.0917435971360632
cross_asset_etfs,RelViewBL__gpt_oss_20b,2026-05-05,0.011710135046110133,0.10452806209425258,1.1045280620942526
cross_asset_etfs,RelViewBL__gpt_oss_20b,2026-05-06,0.02457314202654788,0.1316697870364023,1.1316697870364023
cross_asset_etfs,RelViewBL__gpt_oss_20b,2026-05-07,-0.00660911337253499,0.12419045311360621,1.1241904531136062
cross_asset_etfs,RelViewBL__gpt_oss_20b,2026-05-08,0.012406327157703744,0.13813752766250076,1.1381375276625008
cross_asset_etfs,RelViewBL__gpt_oss_20b,2026-05-11,0.008091501290754956,0.14734676893663856,1.1473467689366386
cross_asset_etfs,RelViewBL__gpt_oss_20b,2026-05-12,-0.007451071352757779,0.13879780629493554,1.1387978062949355
cross_asset_etfs,RelViewBL__gpt_oss_20b,2026-05-13,0.007440368372316417,0.1472708814753556,1.1472708814753556
cross_asset_etfs,RelViewBL__gpt_oss_20b,2026-05-14,-0.0006952656486949472,0.14647322344171787,1.1464732234417179
cross_asset_etfs,RelViewBL__gpt_oss_20b,2026-05-15,-0.025457972474197975,0.11728633967693347,1.1172863396769335
cross_asset_etfs,RelViewBL__gpt_oss_20b,2026-05-18,0.0013242182476026073,0.11876587063573063,1.1187658706357306
cross_asset_etfs,RelViewBL__gpt_oss_20b,2026-05-19,-0.01151929826127664,0.10587847288734076,1.1058784728873408
cross_asset_etfs,RelViewBL__gpt_oss_20b,2026-05-20,0.017736033142518905,0.1254923701340689,1.1254923701340689
cross_asset_etfs,RelViewBL__gpt_oss_20b,2026-05-21,0.00602714708360882,0.13227587819034636,1.1322758781903464
cross_asset_etfs,RelViewBL__gpt_oss_20b,2026-05-22,0.0013072090509389255,0.13375599946647654,1.1337559994664765
cross_asset_etfs,RelViewBL__gpt_oss_20b,2026-05-26,0.015623039391900326,0.15146871410694462,1.1514687141069446
cross_asset_etfs,RelViewBL__gpt_oss_20b,2026-05-27,-0.003504597438640471,0.14743327980081067,1.1474332798008107
cross_asset_etfs,RelViewBL__gpt_oss_20b,2026-05-28,0.0046420294249375944,0.1527596988487987,1.1527596988487987
cross_asset_etfs,RelViewBL__gpt_oss_20b,2026-05-29,0.0012997948730492774,0.1542580499952202,1.1542580499952202
cross_asset_etfs,RelViewBL__gpt_oss_20b,2026-06-01,0.00250843425647595,0.15715343042864127,1.1571534304286413
cross_asset_etfs,RelViewBL__gpt_oss_20b,2026-06-02,0.005897911989402305,0.16397821951954428,1.1639782195195443
cross_asset_etfs,RelViewBL__gpt_oss_20b,2026-06-03,-0.010954040672944483,0.15122795476050577,1.1512279547605058
cross_asset_etfs,RelViewBL__gpt_oss_20b,2026-06-04,0.005194591903011598,0.15720811417282543,1.1572081141728254
cross_asset_etfs,RelViewBL__gpt_oss_20b,2026-06-05,-0.040137300253577424,0.11076090463839461,1.1107609046383946
cross_asset_etfs,RelViewBL__gpt_oss_20b,2026-06-08,0.007379230513754241,0.11895746539938767,1.1189574653993877
cross_asset_etfs,RelViewBL__gpt_oss_20b,2026-06-09,-0.0055231649512799096,0.1127772787445207,1.1127772787445207
cross_asset_etfs,RelViewBL__gpt_oss_20b,2026-06-10,-0.01649168247477898,0.09442570919831739,1.0944257091983174
cross_asset_etfs,RelViewBL__gpt_oss_20b,2026-06-11,0.03152898699392983,0.12893184314945372,1.1289318431494537
cross_asset_etfs,RelViewBL__gpt_oss_20b,2026-06-12,0.006128054899026262,0.13584999946153253,1.1358499994615325
cross_asset_etfs,RelViewBL__gpt_oss_20b,2026-06-15,0.019654326709789005,0.1581743664442632,1.1581743664442632
cross_asset_etfs,RelViewBL__gpt_oss_20b,2026-06-16,-0.00636203960502822,0.15080601525541626,1.1508060152554163
cross_asset_etfs,RelViewBL__gpt_oss_20b,2026-06-17,-0.011314688712270066,0.13778500342459332,1.1377850034245933
cross_asset_etfs,RelViewBL__gpt_oss_20b,2026-06-18,0.012430770077103461,0.1519285471993408,1.1519285471993408
cross_asset_etfs,RelViewBL__gpt_oss_20b,2026-06-22,0.0010456179160525923,0.1531330243263047,1.1531330243263047
cross_asset_etfs,RelViewBL__gpt_oss_20b,2026-06-23,-0.025638667392730352,0.12356823025602925,1.1235682302560293
cross_asset_etfs,RelViewBL__gpt_oss_20b,2026-06-24,-0.00666076406865796,0.11608440735925418,1.1160844073592542
cross_asset_etfs,RelViewBL__gpt_oss_20b,2026-06-25,0.0067784101930426595,0.12364968528239406,1.123649685282394
cross_asset_etfs,RelViewBL__gpt_oss_20b,2026-06-26,-0.00395329910562279,0.11920756198653382,1.1192075619865338
cross_asset_etfs,RelViewBL__gpt_oss_20b,2026-06-29,0.007648537950870262,0.1277678634992887,1.1277678634992887
cross_asset_etfs,RelViewBL__gpt_oss_20b,2026-06-30,0.0089700986546561,0.13788405249442803,1.137884052494428
cross_asset_etfs,RelViewBL__gpt_oss_20b,2026-07-01,-0.008319577137673242,0.12841733834597235,1.1284173383459724
cross_asset_etfs,RelViewBL__gpt_oss_20b,2026-07-02,0.0007976028303155066,0.12931736720881437,1.1293173672088144
cross_asset_etfs,RelViewBL__gpt_oss_20b,2026-07-06,0.012570791207643471,0.14351378003916193,1.143513780039162
cross_asset_etfs,RelViewBL__gpt_oss_20b,2026-07-07,-0.014212079827012225,0.12726207091395692,1.127262070913957
cross_asset_etfs,RelViewBL__gpt_oss_20b,2026-07-08,-0.006004177690575368,0.12049378913634357,1.1204937891363436
cross_asset_etfs,RelViewBL__gpt_oss_20b,2026-07-09,0.010633330550985963,0.13240836997655725,1.1324083699765572
cross_asset_etfs,RelViewBL__gpt_oss_20b,2026-07-10,0.0014435929454497103,0.13404310671082365,1.1340431067108236
cross_asset_etfs,RelViewBL__gpt_oss_20b,2026-07-13,-0.015907340008536677,0.11600349742803728,1.1160034974280373
cross_asset_etfs,RelViewBL__gpt_oss_20b,2026-07-14,0.008500821478934764,0.1254904439295399,1.12549044392954
cross_asset_etfs,RelViewBL__gpt_oss_20b,2026-07-15,0.00015172136791805502,0.12566120487927157,1.1256612048792716
cross_asset_etfs,RelViewBL__gpt_oss_20b,2026-07-16,-0.011536437897035049,0.1126750842960802,1.1126750842960802
cross_asset_etfs,RelViewBL__gpt_oss_20b,2026-07-17,-0.0076549907487849685,0.10415756681939015,1.1041575668193901
cross_asset_etfs,RelViewBL__gpt_oss_20b,2026-07-20,-0.001863310490776246,0.10210017844166552,1.1021001784416655
cross_asset_etfs,RelViewBL__gpt_oss_20b,2026-07-21,0.017736837229626615,0.12164794991742789,1.1216479499174279
cross_asset_etfs,RelViewBL__gpt_oss_20b,2026-07-22,-0.0012899616473287035,0.1202010670802296,1.1202010670802296
cross_asset_etfs,RelViewBL__gpt_oss_20b,2026-07-23,-0.013358645876238688,0.10523669771492017,1.1052366977149202
cross_asset_etfs,RelViewBL__gpt_oss_20b,2026-07-24,-0.002456763794652421,0.10252139221145296,1.102521392211453
cross_asset_etfs,RelViewBL__gpt_oss_20b,2026-07-27,0.003247832601720719,0.1061021971331717,1.1061021971331717
cross_asset_etfs,RelViewBL__gpt_oss_20b,2026-07-28,-0.004566521908272184,0.10105115721717506,1.101051157217175
cross_asset_etfs,RelViewBL__gpt_oss_20b,2026-07-29,-0.014804507580013138,0.08475063701417107,1.084750637014171
cross_asset_etfs,RelViewBL__gpt_oss_20b,2026-07-30,0.025021869238815598,0.11189312561026155,1.1118931256102615
