Date,JPM,BAC,GS,MS,WFC,C,AXP,BLK,SCHW,PNC,USB,COF,CME,ICE,CB
2024-06-04,-0.0131799943458182,-0.0050150554911292,0.0007032119924801,-0.0085207616791836,-0.0107852387340209,-0.0143733691756634,0.0015619891939202,0.0101881680440132,-0.0052508457748853,-0.0054835675855691,-0.0193808813392319,-0.0192532124665918,0.010061999467064,0.0083053881571435,-0.0068633218251067
2024-06-05,-0.0095401748984018,0.0070564466787623,0.0140127532682545,0.0008283606489631,-0.0003407216587982,0.0121251700603517,-0.0107902643739888,0.004571618744839,0.0333380097298943,0.0028542827397985,0.0030801998554401,0.0074360132732944,-0.0161448529169861,0.0043040357804751,-0.0025300472942042
2024-06-06,-0.0017743259689155,-0.0065064811586268,-0.0077541798753496,0.0019655565009619,-0.016189530175499,0.0027521512681805,-0.0057096323865468,-0.0131198451129724,-0.001882018954302,0.0023932090123572,-0.001535370679176,0.006569274635404,0.0049877370732143,-0.0035466955413977,-0.0014765802057037
2024-06-07,0.0154386051180794,0.0081094115493338,-0.0069636187220085,0.0029943657053594,0.0109129332189188,-0.0025832102451169,-0.0029141177281679,-0.0061285545345065,-0.0043097357710553,0.0058720679328958,0.0,0.025152239464339,-0.0048916282126023,-0.0079341448283121,0.0131564862498581
2024-06-10,-0.0017004776811916,-0.002765249880911,-0.002989602714595,-0.0077207802310589,-0.0073680600985528,-0.0056652173626686,-0.0009885780400559,-0.0032783416662433,0.0024347648532196,-0.0204643604150123,-0.0069195396695833,0.0078682009521033,-0.0043138225269088,0.0006726522164781,0.0017588783041686
2024-06-11,-0.0263013201538976,-0.0204183328488115,-0.0204607797417548,-0.0099595164467625,-0.0138097512875301,-0.0372781263695288,-0.0340302818121339,-0.0111462852292594,-0.0089057184878625,-0.0159801651427679,-0.0077419254971805,-0.0408799595424913,0.0010075905900492,0.0053033077073112,-0.014083396171712
2024-06-12,-0.0145605675187548,0.0141532829194082,0.009971404525279,0.0023053408249202,0.0029756551463424,0.0147107632985161,-0.0021823415218233,0.0164723540171249,0.0014975715084901,0.0159068347915154,0.0215863931427509,0.0145035564810471,-0.0149472060152279,0.0108477525790366,-0.0033345926764623
2024-06-13,0.011121055437735,-0.0038061617282213,-0.0052373144802663,-0.0046001585619578,-0.0005236374543911,0.0036660180016283,-0.0082574060625065,-0.0005193308115637,-0.0023109678553221,-0.005830671049452,-0.0005091509536132,-0.0146609453112128,-0.0004597599483312,-0.0025075068464998,0.0006463472708115
2024-06-14,0.0006195298367877,-0.0005093157378955,0.0002464007008977,0.0030459437922056,0.0022700583154597,-0.0149426434213276,0.0118367222057707,-0.000493628639439,-0.0019075583044242,-0.0043494186789991,-0.0109525229179361,-0.0102894010723078,0.00761605134757,0.0030312759881598,-0.0108274037229725
2024-06-17,0.0061925836335909,0.0068805944802146,0.008332165550432,0.0161256394805249,0.0146341390777917,0.0123040430641176,0.0153455512869733,0.0152729126371111,-0.0060069560523804,0.0111854367382142,0.0066957702569789,0.025430148862185,-0.0027393690693043,0.0039065345463116,0.0048563032856225
2024-06-18,0.0103601146568166,0.0121489694034062,0.0161046979773786,0.0054617240658252,0.0139078839915878,0.0119879892759717,0.0045560120169456,0.0032903233858709,0.000412124265178,0.0111271114688666,0.0051164589524856,0.0017504350852377,-0.0003051657866568,0.0013216357862464,0.0088601948967199
2024-06-20,0.0084771368650025,0.0,0.0013553908805805,-0.0013323577865761,-0.0015240938747085,-0.0026324471072531,0.0039248585801356,-0.0010463829517526,-0.001922067369965,-0.0084153352507668,-0.0002546110973677,0.0057523358437989,0.0099730780581994,0.0053527052428268,0.0131164100219598
2024-06-21,-0.0119293454086567,-0.012503161923299,-0.0171815505772869,-0.0131363113739124,-0.014586225778415,-0.0103926144695264,0.0007384497059161,0.0060932697699842,0.0088033485012517,0.0001305701673035,0.0106924714175231,-0.0098458720163543,-0.020202642372501,0.0053242063356599,-0.0070549796696894
2024-06-24,0.0131431273509816,0.0134211409587903,0.0264560783144709,0.0097753227156081,0.0156626669570554,0.0225037331109989,0.0047313230072949,0.0144109078995753,0.0162258234193515,0.0110966063447182,0.0214105862305504,0.0066533567302797,0.0030852540839045,0.0063841571724632,0.0057444945498343
2024-06-25,-0.0040727686728251,-0.0159919694290325,-0.0101927368071147,0.0072090781472662,-0.0306726642925204,0.0039127172687365,-0.0038019193253955,-0.0057075259397192,-0.0084530215638368,-0.0193673407482305,-0.0130702155862989,-0.0204821713985378,-0.0050236030477486,-0.0100201569121747,-0.0106342397473683
2024-06-26,-0.0032312716525988,-0.0096496666005531,-0.0033233874080768,-0.0093046512394954,-0.0033218060295394,-0.0053589543879262,0.000390393921674,-0.0087362587943948,-0.0086602941230004,-0.0005924653787711,-0.0077462088866292,0.0141628756929277,0.0056671281987763,0.0004369202774701,-0.0124577396271053
2024-06-27,0.008813297212975,0.0064102259493026,-0.0217170905416786,-0.0115596209874697,0.0071917148217799,0.0048980192019165,-0.0098838529598019,-0.0080259460482728,0.0040948782127823,0.0007904909163185,-0.000755357037625,-0.020033710310786,0.0016905254830674,0.0005822687168453,0.007768862977453
2024-06-28,0.0155143658735215,0.0132484355872124,0.014261333328168,0.0148273319806095,0.0343086841086792,0.0310316383082578,0.0137916359150338,0.0079245330113968,0.0017674196895045,0.0233659056203303,0.0130133791604136,0.0329777743512929,0.0054724339700484,-0.004219186963699,-0.0265237131451798
2024-07-02,0.0164517435411659,0.0229942701773913,0.0042056233644973,0.0049415901165361,0.0062717112741659,0.0197068299632785,0.0092382476437662,0.0087693138533657,0.0099428039615858,0.0172922101546859,0.0186034611178227,0.0055833940092382,0.0080818060468352,0.0284088170998462,0.0029432488464917
2024-07-03,-0.0006703787907665,-0.0007328495840613,0.0049613025819459,0.0055192449739969,-0.0050844957384937,-0.0034014463405689,-0.0011017870276439,-1.266643163400083e-05,-0.0002697152576014,-0.0066104228540776,-0.0115088570136141,-0.0146639388144395,-0.0051755610350961,0.0024143391804911,-0.0058301630594811
2024-07-05,-0.0132505358560509,-0.0119805745415858,-0.0067746880696394,-0.0060878339588108,-0.0171447946476411,-0.0066707903507249,0.0026381617393922,0.0018754375154277,-0.0125455578344336,-0.0081120490107717,-0.011895583159684,-0.0174830616558947,0.0017341085635427,-0.0026210570132625,-0.0061792100881865
2024-07-08,0.0018555729052145,0.0051968198046301,0.0001506166753835,0.0100411230228147,-0.0102314558080948,0.011088527229037,-0.0047532600649166,-0.0005185142117299,0.0005464313329859,0.0144400040228984,0.0107582305275497,-0.0013971344102774,-0.0072809585910509,0.0026991207883528,0.001901008983508
2024-07-09,0.0119900335896638,0.0196947131266627,0.0172324261986558,0.0200816116598467,0.0147432674349865,0.0279580289627352,0.013816010724498,0.0153002004936249,0.0176134159794878,0.0172577122963579,0.0103901786415381,0.0086886865353097,-0.0017952487925272,0.0091379367321098,0.0013834110026127
2024-07-10,0.0008188855308322,0.0077257665154082,0.0128165052190489,0.0082838157617506,-0.0026719941752434,0.0064613530475168,0.0049631959189178,0.0121154310993161,0.0013417003458204,0.0172743805926163,0.0233258974394066,-0.0027738506877661,-0.0053437320757924,0.0136879215502601,0.0117629050718242
2024-07-11,-0.0016844040757796,0.0016770144222315,0.0007099752194748,0.0114053394122353,0.0073677191453096,-0.0189610118334153,-0.0007532857332739,0.0158497015358378,0.0194292056128426,0.0243457492768466,0.0276960599816054,0.0174217090717085,0.0114681704496653,0.0189737632862834,0.0065151460954271
2024-07-12,-0.0120992697576352,-0.0052618849979716,0.0013563066230173,-0.0052561965705106,-0.060172927129545,-0.0181098002089901,-0.0005026547053772,0.0037581077723161,-0.0092008617226856,0.0015449173002539,0.0040543005032622,-0.0041728154976761,-0.0121042159765163,0.0084947063342841,0.0013566593819396
2024-07-15,0.0249341236115507,0.0072132192749592,0.0257356285535217,0.0112403391903794,0.0210470845725854,0.0096093632274052,0.0225034717067944,-0.0060508805142241,-0.0041124724298041,0.0123382295003977,0.0059382569034875,0.0447943805219335,0.0185079735719837,-0.0039082276910248,0.0071999926759986
2024-07-16,0.0169959007306512,0.0534735015040468,0.0219206067579627,0.0091203268453501,0.0434783749824101,0.0326987905002005,0.0230737788009802,0.0254933908411796,-0.1017716253466937,0.0470949557712356,0.0221960917054138,0.0342298964460408,0.0018273318525565,0.0074414170085794,0.0055724886262491
2024-07-17,0.0152139302957869,-0.003399154253466,-0.0016699536461983,0.0069665906890648,0.0111220556167919,0.0050542708012479,0.0013219614344779,-0.0033770196702933,-0.0538336582159197,0.0154256080556498,0.0455069073080769,-0.0006016625090745,0.0207225663489467,0.0032904126375916,0.0222435588755065
2024-07-18,-0.0317701942642064,-0.0220554733760276,-0.031801299593427,-0.0201009685370588,-0.0274174876179602,-0.0402307131699346,-0.0030405461572292,-0.0143742087461962,-0.023981177343661,-0.0202548873581784,-0.0187802887570148,-0.0050178328735333,-0.0042192240178065,-0.01104354529007,0.0007477078121858
2024-07-19,-0.0009524399549443,-0.0025574931001995,-0.0026326188653654,-0.0259517500993919,-0.0001688079170519,0.0038526507307845,-0.0273675158987567,0.0020506257154806,-0.0030512581749526,-0.0031806125899673,0.0078810739871024,-0.0097498334066568,-0.0037884466628536,-0.0005414043465847,-0.0291030147830192
2024-07-22,0.0023835170256838,-0.0139860907677527,0.0043512058539101,0.0034283932348373,-0.0015195277617839,-0.0098249410397828,0.0097780249404422,0.0150957581380881,0.0430090619419238,0.0093441446907389,0.0062555760840394,-0.014666941339439,0.0001500939213305,0.0105634673635754,0.008196111946791
2024-07-23,0.0002377702609432,0.0026005116320206,0.0104918796216466,0.0103475555706011,0.0089618166959657,0.0024806829011396,0.0087844403411474,0.0017195090077393,0.0060230995482795,0.0082980989317718,0.0113232299151404,0.002687722826729,-0.0122073084216922,-0.0044894107591824,0.0047326043379822
2024-07-24,-0.008272804983243,-0.0051874419859706,-0.0110737894281883,-0.0147826191293536,-0.0038545379255383,-0.0154655995920293,-0.0239368051747949,-0.0201730552792831,-0.0162726162935721,-0.0068301771524272,-0.0171239721920272,0.0062542609662781,-0.0009623580323894,-0.0071347805756721,-0.0121936065532263
2024-07-25,0.0003835147260333,-0.0120882026159671,0.0102937734957819,0.0155928355925245,0.0043742380100786,0.011153036884328,-0.003361159524314,0.0107411507319319,0.0337077896967086,0.0146561696444531,0.0071476327775688,0.0114745226318166,0.0107984983676046,0.0103044285011024,0.0060372894044697
2024-07-26,0.0171084491312329,-0.000239918379582,0.01488684757344,0.0060834652243315,0.0115577369815369,0.0125835158986846,0.0237738488683989,0.0235017426112993,0.005434848193706,0.0067223082605436,0.0082058199752026,0.0085759373276359,0.0058180257310798,0.0132187644610644,0.0323000745670829
2024-07-29,-0.0065491891547608,-0.0139188833094222,-0.0126445444271477,-0.016412343411209,-0.0132471441745922,-0.013500994952636,0.0081337962555287,0.0069492546520291,-0.0195194973390424,-0.0011589194764564,-0.0019797808917878,-0.0020085702428722,-0.0080781300213614,0.0010596765481394,0.0060728358143768
2024-07-30,0.0205833248435836,0.004623996654929,0.0262827138457484,0.0124901873211806,0.0070480936798931,0.0244166811786743,0.0185161827073214,0.0121092753950731,-0.0059723691413783,0.0054143373745014,0.002204139311432,0.0214008506615575,-0.0086467286080219,0.0009261720192701,0.018255388912667
2024-08-02,-0.0424120701755635,-0.0486075888987925,-0.0589457684914911,-0.0580779137714746,-0.0636428114384007,-0.0714285228496004,-0.0659482222515058,-0.0223376966732919,-0.0050227861258977,-0.0340360724382414,-0.0259890328864605,-0.0539995907089871,0.0179308475850596,-0.007615809069193,-0.0023166321447704
2024-08-05,-0.0212915416411785,-0.0247472187824686,-0.0246898592889089,-0.0394365865041811,-0.0214043806363117,-0.0341924924545617,-0.0273807133019536,-0.0180374509480883,-0.0173528474558679,-0.0245881682581202,-0.0365997798447206,-0.03452840018725,-0.0130610588474479,-0.0071405039520804,-0.0073713191800564
2024-08-06,0.0279116901654568,0.0073669413314156,0.024399899025445,0.0097751865164206,0.0046047667740602,0.0062267535167335,0.0230170138237699,0.0122779110342929,0.0081875052596327,0.0197201224922525,0.0213235705023033,0.0172729079915134,0.0261636244502556,0.011627898581257,-0.0153721805570302
2024-08-07,0.0002994808997738,0.010292630368734,0.0059333913395593,-0.0092503417286837,-0.0013369225005659,-0.0079562351910397,-0.0100381050160733,-0.0013317936609057,-0.0092356910462735,-0.0138388532714195,-0.0067195460766201,-0.0104721423966608,0.0129459727087684,0.0040527678551856,0.001998751128033
2024-08-08,0.0182634815381563,0.0243965984107479,0.0269761334745672,0.027358569848628,0.0089883479727588,0.0336838417978271,0.0207168309699481,0.017848616770403,0.0090003539808578,0.0211695043327413,0.0089393684577669,0.015723115094667,0.0007316163195978,0.0174696124360682,0.0132098789836181
2024-08-09,0.0085269982413165,0.0018321464092325,0.0092430565302243,0.000951106873426,0.0076393691128813,-0.0027586569071051,0.0184550698765073,0.0016144172287269,-0.0019190911184463,-0.0021142174885308,0.0074234312531131,0.0032745793427197,0.007360554202086,0.0020812108369474,0.0038630125702217
2024-08-12,0.001894980498692,-0.0028737066832238,-0.0097091349711596,0.0012668830223701,-0.0132676133883535,0.0,-0.0033634320171727,-0.020952803442728,-0.0102547712571271,-0.0170668035916139,-0.0142619235684297,-0.015572691762036,-0.0003388313490463,-0.0012331057982066,-0.0083622956819013
2024-08-13,0.0084874090646771,0.0075976390998022,0.013264695719187,0.0197174577877448,0.0155588981786161,0.0053596539731231,0.0081839244696566,0.0194686615228958,0.011656156550017,0.0071249124677097,0.0224259342956665,0.0142295785676429,0.0047437939892216,0.0050035300734334,-0.000671617688622
2024-08-14,0.0110608846243871,0.0091004815516304,0.0137414885869506,0.0282287267013132,0.0149423312475405,0.0194324531343734,0.0199589515217433,0.0034285043455735,0.0459273054615234,0.000951143872016,-0.0014151380892575,0.0145522483544724,0.0013490030869469,0.009440087887873,0.0169888966392188
2024-08-15,0.0062309862289413,0.0056685270604022,0.0006416247433067,0.0120675714250906,0.0169586906930832,0.0209177745747586,0.023547741145959,0.0169558745768225,-0.001988850490097,0.0204906511507783,0.0111005742031824,0.0085325588690936,-0.0123166381199375,-0.0039713229630579,0.0009913758980291
2024-08-16,0.0114393585830165,0.0079426458115334,0.0105006409660386,0.0079491723086242,0.0139270737537524,0.0145406137785131,0.0088577618090019,0.0004930030081107,0.0049056318117881,0.0068676321729361,0.0088764631292521,0.0178687584169943,0.0126162690446862,0.006688125195277,0.0028242734979182
2024-08-19,0.006916770778349,0.0083883372953459,0.0008328929454199,0.0030559847990567,0.0202421061367761,0.0102605039014933,0.0092964249496267,-0.0026131559019899,0.0004576980276824,0.0086704966464137,0.0108821096366906,0.0241473132875378,0.0047623787654516,0.0046633574507108,0.002267637637235
2024-08-20,-0.0043164746224024,-0.0247037953380218,-0.0145438745472536,-0.0095331909619668,-0.0053143347703741,-0.0116072212825649,-0.0038181748163436,-0.010618128272344,-0.011284058184523,-0.0052148862429703,0.0018324273855903,-0.0099349164437754,-0.0008139534444039,0.003052093624599,-0.0072984208182484
2024-08-21,0.0003729131538208,0.0015507570568427,-0.0017694171276352,-0.0008929896395996,-0.0122886104389432,-0.012722216572286,-0.0267899762854931,0.0024623679092976,-0.0041640347262644,-0.0012673459090224,-0.0009145824214834,-0.0122252179168622,0.0033542097576571,0.0022820807003816,0.0001468993178497
2024-08-22,0.0094594314734128,0.0126452056961963,0.0025983987798616,-0.0012911720120957,0.0090155176523907,-0.0018173565327395,0.0059277715880992,0.0024909911120694,-0.0046460910921722,0.008940395128741,0.0112128204414705,-0.0021463154571181,0.001050565568168,0.0030990633607532,0.0028669948102821
2024-08-23,0.0077551137291307,0.0135067470271903,0.0234455311620165,0.0132259319253436,0.0132237554671803,0.0284674656847845,0.0142879556994088,0.020341214695335,0.0018671350287038,0.0181797186529761,0.0271554249199112,0.0219386726451118,-0.0122602632165126,0.0088903355312599,0.01191126703262
2024-08-26,0.0039393625160006,0.0037716106738621,-0.0030426887235508,0.0043184536286269,0.0003527857836849,-0.0056324738913672,0.0102666968680984,0.0003397979509107,0.0013978306695248,5.618350420966145e-05,0.0050672525295476,-0.0001402598200399,0.0066649908318612,0.0018748576401959,-0.00170220842102
2024-08-27,0.004608282276687,-0.006262591894048,-0.0012010966772574,-0.0024430716497179,-0.0081101238828424,-0.0017802349890116,0.0045296591107315,0.003385646911121,-0.0088400356799946,0.0058390979160749,0.0024111981842924,-0.0009822787039935,0.0190471441295696,0.0018090314492718,0.0057321412452735
2024-08-28,0.0050413722490367,0.0070583801804366,-0.0077475195348301,0.0011754644377457,0.0143975117889034,-0.0016211903221144,0.0080775131478982,0.0028550689066326,0.0010952672917561,0.0146804779838725,0.0087469803613544,0.0124314578038111,0.0128060710703552,0.0010585385784662,0.0054111623561448
2024-08-29,0.0041575110860685,0.0055067718410477,0.0134504488182007,0.0039139174478053,0.0049061693424272,0.0048716573313423,0.0106966033816708,0.0069880715795487,0.0148483954332805,0.0069313715868213,0.0086712186107564,0.0084633688891466,-0.0047415375919254,-0.003421101613619,0.0117326824984758
2024-08-30,0.0116555989507829,0.0144386327112793,0.0062117698857073,0.0098440483818726,0.0195293360562234,0.0122818249218719,-0.0045797335253938,0.0077553127432821,0.0026181914906535,0.0111997388179749,0.0150439927183194,0.0107311820211921,0.0076600526109404,0.0083011441190834,0.0078018854411245
2024-09-04,-0.0044030799844997,-0.004914000485509,0.0065236397240076,0.0088647804968122,-0.0042829944313805,-0.00813540842459,-0.0101058047822263,6.772612224370533e-05,-0.0137366863835408,-0.0115988870221165,-0.007113445031145,-0.0125686783652464,0.0158014706073525,0.0061321602150548,0.0147890317689756
2024-09-05,-0.0077508302576405,-0.0088888999049735,-0.0056253151558531,-0.0058911861535676,-0.0216792364599388,-0.0054133577337142,0.0003971628924617,-0.0111112039121192,-0.0032864357952958,-0.0077320517274762,-0.0112896891764611,-0.0116853925405999,0.0156481761199183,0.0010467072935347,-0.0124080809091756
2024-09-06,-0.023755973507567,-0.0280842439789659,-0.0169509222473185,-0.0298312423906139,-0.050299017325605,-0.0253999410063247,-0.0308926077750427,-0.0110878941735574,-0.0124038202992432,-0.0234871609070239,-0.023056640355043,-0.021746744603338,0.0051051655609302,-0.0129765848410203,0.0005916923823907
2024-09-09,0.0204744133568401,0.0183178908630052,0.0186819139339626,0.0164613357401475,0.0109259691760348,0.0076155154946662,0.0281078764810145,0.0187046977252949,0.0017487883781672,0.0334466374609152,0.0173071682015277,0.0258993238358757,-0.0036927128236666,0.0075393442315716,0.0163478687845737
2024-09-10,-0.0518887303096224,-0.0048137991168935,-0.0438831899128102,-0.0158891500632839,-0.0117237952601801,-0.0267047970681445,-0.0219193784206822,0.0067088693997767,0.0007935602973696,-0.0209736664437732,-0.0050817211406816,-0.0323281995437355,-0.0002745214802273,0.0016697269786654,-0.0040041732037222
2024-09-11,0.0081241030898302,-0.0071282827219465,0.0086485477195585,0.0042433043615086,-0.0040778090475633,-0.0112165421762489,0.0356939742061788,-0.0075919628945633,0.0055502139086771,-0.0092852603910544,-0.0062180678229076,-0.0110877809095495,0.0005034515559854,-0.012224379671284,-0.0229872707951033
2024-09-12,-0.0030399991778955,-0.0056410604442188,0.0061336874785566,-0.0040193076110197,-0.0402009859133907,0.0005235882172767,0.0038161618117764,0.0091207490502396,-0.0263364980143375,0.0027101531417832,-0.020111746051211,0.0079144090595135,-0.0059014368393861,0.0071878685031934,0.0148413463756074
2024-09-13,-0.011035823009447,-0.0033522237588092,0.0103994702350753,0.0166597980754328,0.0234632044794864,0.0059305114156109,0.0150891800555448,0.0006891725688111,0.0061548201949821,-0.0020270773721439,0.0175599489104358,0.0103970418059826,-0.0014266475106812,0.0013653557524551,0.004241174261552
2024-09-16,0.0173257893392468,0.0116429268217157,0.0128813418677513,0.0187276558355771,0.0191360870063868,0.0124848910502604,0.0080694494145487,0.0106691740950131,0.0252736717920165,0.0207628087766589,0.0015687789920577,0.0142476083887737,0.0070970827770915,0.0062146115173549,0.0084813976748101
2024-09-17,0.006687118377155,0.0115089292012295,0.0004740395846758,-0.0024977474951759,0.0133852853968292,0.0154136259750736,0.0165077661632375,0.0104336887971578,0.0023551428200867,0.0031505707333228,-0.0002237851718166,0.029301240107713,-0.0016015445236999,0.0055586624995285,-0.0018537108217424
2024-09-18,-0.008219853727017,0.0017699533899664,-0.0016688093330998,-0.0054085385719094,-0.00458628478749,0.0102883962730608,-0.0121327315656253,0.0201100834414258,-0.0043859330919907,0.0059507181789242,0.0111907163670508,0.0024123120558097,-0.0086167539807735,-0.0097659989538544,-0.0055023843841162
2024-09-19,0.0142148592932151,0.0315496931363028,0.0397251570383383,0.0144007684442684,0.0283818655130598,0.0520867493150676,0.0250592376036189,0.0131785895383345,0.0188797986912814,0.0253601772615617,0.0285524353014938,0.0523964174185114,-0.0071197949857045,-0.0145764361868844,0.0048412113796578
2024-09-20,0.0028980409117331,-0.0146806666856257,-0.0107179058146411,0.017273855468749,0.0087814155264833,-0.0139637894342262,0.0008929747253345,-0.0065035866699174,0.0097282007409429,-0.0044871805496393,-0.009898886678233,-0.0050309831706766,-0.0074501301575924,0.0061057127189296,0.000275334922331
2024-09-23,0.0016581516003224,-0.0099329967086553,-0.0020463891273717,0.0,-0.0209628842690864,0.0070808314476622,-0.0062827576134141,0.009496172050873,-0.0070347013421742,-0.0068148024328305,-0.003260134893312,-0.0067638778923208,0.0126665121074081,0.000688177742103,0.004988584593937
2024-09-24,0.0007093974507963,-0.0105341969583397,0.0012262942293512,0.0010735403466015,-0.0172382780527798,-0.0193353140195068,-0.0040777610911602,0.003860891714345,-0.0053903665031839,-0.0025393078927583,-0.0047972442552602,-0.0257851409638446,0.0106550917423111,-0.0075023698441777,-0.0080447754451177
2024-09-25,-0.0066164951158842,-0.0050697310443457,-0.0138146148896904,-0.0023396962809355,-0.0101551011249425,-0.0161316395128683,-0.0001502299474414,-0.0047065764994795,-0.008361774926091,-0.0154370643150371,-0.0195004312516545,-0.0069222378058282,-0.0029335937066711,0.0044094959700196,0.0019670353823328
2024-09-26,-0.0019506977837591,0.0068790458544092,0.0117685142335859,0.0220832231842227,0.0518560338540805,0.0220271413711059,0.0074388824254443,0.0087745609036553,-0.0031230680685985,0.0085273246418284,0.0122905501845189,0.0099090164423201,0.0043674295714237,-0.0083411944019146,-0.0016877071997274
2024-09-27,0.0034321997834811,-0.0030364118023947,0.0031996926952035,-0.0046844920593419,-0.0086894681761313,0.0025927439090174,0.0108521021222807,0.0002010785547319,0.0090851514019019,-0.0013637458387345,0.0039734609323949,0.0088645787592573,-0.0007781559351418,0.0031621337555576,-0.0009315354213755
2024-10-02,0.0012074559060581,0.0002548801579123,0.0037129493417638,0.0009577136685956,-0.0016248732079617,0.0035591923084832,0.0086374045082442,0.0248709939295663,-0.0087623779069249,-0.0027238733245829,-0.0047233666020873,-0.0019073843963004,-0.0075905521257577,-0.001365251759604,-0.0027043497255295
2024-10-03,-0.009937735425847,0.0005098259815494,-0.0119717205806861,0.0004783616347303,-0.0057866367011345,-0.0116072212825649,-0.0086003431669599,-0.0060172482874387,0.0007893012729061,-0.0056297823380853,-0.0061016583583529,-0.009009034422874,0.0031309508765355,0.0145413221372159,-0.009576704812683
2024-10-04,0.0354936975477067,0.0219108575811359,0.0186381025518984,0.0316534500928136,0.0360131573549382,0.0216930159815098,0.0301617024425218,-0.002417228131618,0.0212934211041091,0.0216940147137143,0.0163710959373672,0.0567493929659643,0.0007134002447926,-0.0030625788539301,0.0071046894324748
2024-10-07,-0.0013730640116937,-0.0037397084855921,-0.0010905880541464,-0.0022246784606292,0.0035112807330983,-0.0006385625327609,-0.0078994441669676,-0.0089761490527336,-0.0071042331354713,-0.0001646183008905,-0.0051453859552555,-0.0093848108671334,-0.0120304494781264,-0.0197837734057667,-0.0461475143739792
2024-10-08,-0.000853300579001,-0.0007507684793582,0.0039424447584637,-0.001393560138398,0.0024491546945841,0.0102236526941845,-0.0170934450975793,0.0089298417826715,0.0094881676547793,-0.0075179271092489,-0.0047223908381058,-0.0164473535129566,-0.0002255002675954,0.0159835079250416,0.0100295825959777
2024-10-09,0.0126690355822021,0.0065113566879499,0.0173389652144198,0.0144199768198418,0.0041885622804382,0.0139152730120226,0.0085839041765445,0.0072175672861696,0.0277349192710876,0.0133251879565423,0.0189787550534477,0.0153845807272965,-0.0009923682627587,-0.0021592701287432,0.0102514224992984
2024-10-10,-0.0027176764240276,-0.0054739371888805,-0.002890092875028,-0.0088041174904605,0.0036495709635,-0.0099813554046662,-0.003500157612468,-0.0003451479949557,-0.0007494865787384,0.000545647206491,-0.0035476380318626,-0.0044136902552915,-0.0009482983348689,-0.0067392465645719,0.0066118900132259
2024-10-11,0.044399543648157,0.0495371707284491,0.0249741712532518,0.0220206896704846,0.0561039734113795,0.0356017372358976,0.021037501589012,0.0362812306633699,0.0154537605295412,0.0239952148657269,0.0293724730717592,0.0301064834627764,0.0021242443609692,0.0119515263329659,0.0074814303207646
2024-10-14,-0.0036438605975445,-0.0009535385855313,0.0124927545563875,0.0164766006495866,0.0191833976358017,0.0041071906252589,0.0013035023872991,0.0014743125108938,0.0020686278136103,0.0039942787090279,0.0185906059561966,0.005973854161535,0.0111853040326612,0.0111336588796853,0.0065544836314579
2024-10-15,0.0041087692292989,0.005487896907826,-0.0007077722949152,-0.0005343745697546,0.0139961600111946,-0.0510529192377394,0.0028570470896716,0.0154075796331036,0.0610439340818886,0.0202630747585543,-0.0025466649291329,0.000766147876315,0.0027654117545803,0.0048666643268644,-0.0045375067861099
2024-10-16,0.0056207501607279,0.0156620853518021,0.0143190563522523,0.0649616722181385,0.0136442933679366,0.0257024203326428,0.0157585063503935,0.0086892009022141,0.0016676037518159,-0.0042466847048533,0.0470212149633579,0.0085498101773167,0.0104527731793719,-0.0003025776073115,0.0198330521109153
2024-10-17,0.0034877185739274,-0.0046729181365041,-0.001623095675592,-0.0005857317102634,0.0076694182437855,-0.0043579284212639,0.0145555598993967,-0.0130445305580105,-0.0023584790433535,-0.0059495406055538,0.0154441031499341,0.0106281621116246,0.0002641618122869,-0.0019379724630349,0.029989773898589
2024-10-18,0.0042331134047111,-0.0065727455183022,-0.0009451081291358,0.0135632646664893,-0.0003106414923488,-0.0175082546616893,-0.0314577273642934,0.0045087422156573,-0.0076485247174973,0.0030721051209003,-0.0162097819801795,-0.0045070115350287,0.0047969461305465,0.0122566481831003,-0.0007618937888413
2024-10-21,-0.0105160222646599,-0.01323255530016,-0.0202460255663159,-0.0229638077621624,-0.0052827859763278,-0.0162290606439931,-0.0218577918460364,-0.006444745027582,-0.0068665020265327,-0.0197486673563102,-0.0252237530927893,-0.0126390903004625,-0.0055624014339754,-0.0029372353864719,-0.0126300607076845
2024-10-22,0.0050224090520147,0.0129310653654675,0.0009656692270167,0.0003382218431624,0.012339849804283,0.0279799157765243,0.0061313108567937,0.0002797955775746,0.0005644172972028,0.0034475211452797,0.0022954906242194,-0.0063686095520953,-0.0038758670595038,-0.0024046602090374,-0.0024845551829996
2024-10-23,-0.0031679128634055,0.0009456488590322,-0.0021222570599692,-0.0003381074878247,-0.0038574045331046,-0.0072372977665919,-0.0042950832705788,-0.0126398027318771,0.0112818702388972,0.0103607947677948,0.0104101810694476,-0.0113447398217793,0.0042888383348822,-0.0056647296388677,-0.0071017469110203
2024-10-24,0.0070273796768387,0.0073217641559528,0.0141143897325828,0.0075245197747211,0.0134759164114071,-0.0015847685350517,-0.0046086431457147,-0.0042098079755007,0.0122716212207054,0.0038785511356669,-0.0016484490567764,-0.0064181704358651,0.0112265956072785,0.0115151291999573,-0.0035254129484766
2024-10-25,-0.0118677187238449,-0.0178195208692323,-0.0226883354387288,-0.0192162514227126,-0.0137551269779274,-0.0196825678017239,-0.0097414964999817,-0.0100914357345823,-0.0106075632925008,-0.0165131236584613,-0.0146542414343817,0.0522641565030042,-0.0154556675900625,-0.009526585546125,-0.0203088332560815
2024-10-28,0.0143493553980562,0.0174265473127746,0.0214202713234368,0.0192505437757888,0.0167364229233744,0.0388601764509819,0.0154104542163502,0.0124733919359336,0.0030632866407209,0.0215800332181381,0.0178047453752578,0.0254231423800579,0.0087556549877119,0.0068356898884056,0.0070488318112731
2024-10-29,-0.011529926845451,-0.0021116446374424,0.001337035749686,0.0014270565953802,-0.0047249993271324,0.0082606576973922,-0.0038310187102316,-0.0030926184654791,-0.0020822164117206,-0.0104304306218855,-0.0076147217954712,-0.0143918536942685,-0.0045151694788346,0.0016821954379,-0.009723425040047
2024-10-30,0.0067743454393911,-0.0051727610369657,0.0002288399126757,-0.0115675895445798,0.0016846636913643,-0.002937141599506,0.013497063116526,-0.0033564409946719,-0.0109890016272705,0.0126164888289721,0.0095395581982915,0.0231916108404026,0.00074854914113,-0.0011396514535374,-0.0123954796393255
2024-11-04,-0.0141742386325914,-0.0102968114670418,-0.0151727560515521,-0.0060761669472976,-0.0151515467632439,-0.0126682516908803,-0.0091679364077613,0.0065172384871428,0.0002818762120972,-0.0064120296024814,-0.0135869672502908,-0.0159853540984435,-0.0023702625580522,-0.0009698991823396,-0.0047944113838518
2024-11-05,0.0077805951989236,0.0133074672673207,0.0302852452115849,0.0143791727064002,0.0058084876892552,0.0211707847482869,0.0212813146063561,0.023045848698614,0.0049323067386004,0.0153267327388,0.0089002280029957,0.0295759161627813,0.0094585659362722,0.0217489735148963,0.0043828702626482
2024-11-06,0.1154452947018094,0.0842884199446447,0.1309776616686562,0.1161193213113602,0.1311065862428706,0.0841840802247837,0.0696528564617322,0.0152511132615464,0.0622633271385382,0.0856462262471253,0.0766644566505845,0.1500753199484468,-0.0178516677293947,-0.0130504917286455,0.0098092878336673
2024-11-07,-0.0432282925933492,-0.0140937229237748,-0.0231719543069496,-0.023195729062614,-0.0365668291591876,-0.0133275433782006,-0.0282558497321568,0.0060594076153865,-0.0340593727197573,-0.0085865934304304,-0.0331642083485859,-0.0322040129103667,0.0039336538448557,0.0020541589941851,-0.0072141775527039
2024-11-08,0.0025382492536241,0.008041031374151,0.0121785816898991,0.0084864452112911,0.0089310988338491,0.0076347406698908,0.0027194660508274,0.0031078971230165,0.0134394320013977,0.0037399606849881,0.013115426298021,0.0021101294413168,0.0163034401428505,0.0019857401565339,0.0121227120739406
2024-11-11,0.0097476377301213,0.0210503715518923,0.0221974065777903,0.0308036496205812,0.0359793597981956,0.0170479813925144,0.0186717212091249,0.0140096059529051,0.0534505665315709,0.0281413732515869,0.016530586017623,0.0269964406828553,0.0011964387043115,0.0042194431321223,-0.0023455956745448
2024-11-12,0.0011283506563104,-0.0047743347851491,-0.0161868170250985,-0.0090623819747698,0.0005513606498828,-0.0111748862992134,-0.0152233515910116,-0.0165964400047168,0.0043674241997342,0.0063420700575356,-0.0054859163221039,-0.017980264444532,0.0016819288454308,-0.0064935672241154,0.0078019473616983
2024-11-13,0.0066789221453145,0.0002179764491754,0.0027505052719483,0.0034011891682044,0.0023415162489948,-0.001883492173913,-0.0030154623954631,-0.0051816151738677,0.0007673303072053,-0.0082448548387966,0.0080772058312619,-0.0067454359492143,0.0080862677799504,-0.0014096928740495,0.0017320936176956
2024-11-14,0.0029440728552296,0.0006541213407631,-0.0094409337524349,-0.0024858125876643,0.0004123798235216,-0.0107417345817145,0.0022944121625645,0.0156161743972129,0.0247923634684503,-0.0064022717112353,-0.0168066752121145,-0.0104364237914982,-0.020689067586193,0.0040425822327883,0.0125272403540055
2024-11-15,0.0142225490364555,0.0185184535187141,0.0083756710697078,0.0123084396288191,0.0211537157230774,0.0089508356717247,-0.0049600763088663,0.0002770809423142,0.0056116340509029,-0.0013464821683031,-0.0081494525236639,0.0116939857357838,0.0083251989200752,-0.0058796501589573,0.0037291437503494
2024-11-18,-0.0011414256804397,-0.0006416443424487,-0.0093506814000465,-0.0020885270567831,-0.0033629255379165,0.0034904074406312,-0.0046362234937178,0.0024823791954275,0.0093005953084899,-0.0040928214874239,0.0142284166337594,-0.0123149983083793,0.0101206896671983,0.0137575949566339,0.0025347655825569
2024-11-19,-0.0079174239850744,-0.0066353482215409,-0.0112416491396222,-0.0115113989924052,-0.0089080309600695,-0.0057970743412324,3.492372700875101e-05,-0.0208196756362417,-0.0147437886379294,-0.009524698573601,-0.0041493188114664,-0.0101717193707931,0.0092283675006565,0.0015219592330752,-0.0168323110466349
2024-11-20,-0.0095026338719274,-0.007541408442043,0.0009459428378748,-0.004159157254638,0.0020428442866087,-0.0046647682834727,0.0075643650734646,-0.0033458715517512,0.0033669614022482,-0.0044421180772374,0.0067460049776881,-0.0017126936938881,-0.0072281422641916,-0.0136769144366309,-0.0036284744206575
2024-11-21,0.0165296063108491,0.0086842796275246,0.0243672093547822,0.0250588186305322,0.0169883018450336,0.0098125021587978,0.0183866639831495,0.0032497738764607,0.0042257515679089,0.008825738711788,0.0128103398595085,0.0107919471021897,-0.0063157703215652,0.0165628976317553,0.0080256788814778
2024-11-22,0.0154846046599443,0.0116229281836379,0.0111893580504027,-0.00222240478968,0.0151008208765368,0.0129079225867809,0.0283275968773411,0.0082295336108353,0.005693057761124,0.0209963589242994,0.021405000818333,0.024200603283597,0.0109463520759971,0.0059361533726145,0.0003508522853885
2024-11-25,0.0070005582748682,0.0106383039500723,0.0004146627179242,-0.0076470882732063,0.0123749964167894,0.0130298648735605,0.0129770635868196,-0.0047950949964503,0.006276082862771,0.0114247979215202,0.0217183976117525,0.0258206024489109,0.0014407190422922,0.0021344918140826,0.0042425676428612
2024-11-26,-0.0012785312578035,0.0052631204918889,0.0040959832633173,-0.0178064094110054,0.0058516923217426,-0.0141343174399762,0.0011795348449366,-0.0048570887271418,0.0058701648115366,0.0081422982655998,0.0005594010132612,-0.0022929930835675,0.021886127030418,0.005387463998812,0.0071921257992364
2024-11-27,-0.0007200944958359,0.0004188580598967,-0.0001156853067909,-0.0005331884352516,-0.0018099617479552,0.0058781417274269,-0.0043197655602206,-0.0068486495769519,0.004255300597217,0.0037348146565905,-0.003354457717792,-0.0008357464855569,0.0125432004015948,0.0043616890319677,0.0064475796501153
2024-11-29,-0.0002801771446553,-0.0054427946868893,0.005186482583497,0.0030485335056555,-0.0134697390388874,0.0101197117632438,0.0014132923478218,0.0032860888863699,0.0019370903760913,-0.0013023212014957,-0.0035527139545956,0.0037639251710681,0.002823030147258,-0.0014269176092266,-0.005545207753884
2024-12-03,-0.0058070471345323,-0.0046768994210978,0.000614906023959,-0.0045027086001968,-0.0151434645889826,0.0004202141854838,-0.0004963959930469,0.0185176878582964,-0.0033173196349813,-0.0111185064162279,-0.012696577966321,-0.0024531074199358,0.0217307808121944,-0.0128245360842284,-0.0126246530689149
2024-12-04,-0.0058002444041461,-0.0096113401573659,-0.0055972545534336,-0.0034499484279989,-0.0145671062800099,0.0011201721885576,0.0016220618228308,-0.003849910290372,0.0048076846208546,-0.0052150442064244,-0.0017274861551036,-0.0083395572487651,0.0094296320027069,-0.0010237943558121,-0.0057641351165983
2024-12-05,0.0085455737678472,0.0135864437670809,-0.0031902492184684,0.002538665491945,0.0082125503485437,0.0102098386421092,-0.0068407481789696,0.0144480090592076,0.00368047373943,0.0043767427595358,0.0021149762358847,0.0003773979742249,0.0124279752045755,0.0017295093289293,0.0070976129419009
2024-12-06,0.0076584886982387,0.0002139135895198,0.0048257455457783,-0.0027624296368378,0.0090958655326993,-0.0011076102845454,0.0115129590129661,-0.0018281687303813,-0.0041559265131027,-0.0009577135575994,0.0011512155581983,0.0128792331482356,-0.0269896040393805,-0.0028137964888806,-0.0115134952432066
2024-12-09,-0.0143515274443192,-0.0179679177024147,-0.0092716075682047,-0.0106186665714821,-0.0230055146518429,-0.0040194595078052,-0.0239152027832375,0.0033657213095199,0.0004909895044555,-0.0197958173573681,-0.0166729876487468,-0.0172377387605456,-0.0063384812392154,0.0008978876332246,-0.0211774345841757
2024-12-10,-0.003896457487981,-0.0034850761913284,-0.0152998820019844,-0.0139212910792709,-0.0078490769384588,0.008906186190809,0.0181651454647702,0.010216117812235,0.0099374007773913,-0.0002933975397487,0.0050671519713625,-0.0042767894093828,0.0104342650353128,0.014993303015506,-0.0098082264560332
2024-12-11,0.0027587587574944,0.0072131547771516,0.0128710799183568,0.0063096160404438,-0.0062457015775629,-0.0074482623281976,0.0007614172851242,0.0077478917126672,0.0010933426581489,-0.0051848777659422,-0.0048477894858796,0.011526180940558,-0.0204439494833734,-0.0014520557393877,0.005899519176197
2024-12-12,-0.0082125696357558,0.0,-0.0016032337838284,0.0025081060335279,-0.0111731353032825,-0.0073651577754725,-0.006747378220143,-0.0060455319992528,0.0053390946785507,-0.0052611453549217,-0.0042868244105485,-0.0069873852751088,0.0070422182693878,-0.0103046485754365,-0.0030410362535551
2024-12-13,-0.0065829801520601,-0.0088976485637433,-0.0103615642646223,-0.003987186483783,-0.0050847340158027,-0.0058799191704702,0.0061272371438998,-0.0021532530007137,-0.0399516912438767,-0.0040037432147388,-0.001369868800363,-0.001190804983508,0.0052553334237788,-0.0061960984110828,0.0059022665864487
2024-12-16,-0.0015003918776587,-0.0043791757447054,0.0014518628295594,0.0127942785339647,0.0218625515028592,0.006759622931568,0.0047328718644901,0.0076759848673209,-0.0201156456588467,-0.0048138796097955,0.006466854763319,0.0031431303034277,-0.0053543790919912,-0.0035454330848071,-0.0013401250392813
2024-12-17,-0.0050922377927742,-0.009236902845108,-0.0198693979064649,-0.0099976607741587,-0.0162546375971657,-0.005175535469606,-0.0073458927903318,-0.014493075994085,-0.0151398546088432,-0.0111204930548128,-0.0268691634377038,-0.0212306624256504,0.0002967578951387,-0.0115798196643718,0.0035180662135811
2024-12-18,-0.0335207785290142,-0.0344061989636047,-0.0425106023998367,-0.0524502531645189,-0.0289506563236584,-0.0421822445967879,-0.0449990194036268,-0.027563317242976,-0.0363470666738097,-0.0319718059847579,-0.047418955736097,-0.0372005216184996,0.0046188256207453,-0.0208782467621635,-0.0185044456684759
2024-12-19,0.0112428432708353,-0.0027585961352819,0.0067968927476147,-0.0044613329570241,0.0013088418522531,0.0044039722925623,0.0184167359704485,-0.0038909837798906,-0.0047316272589588,-0.01005422425526,-0.0042008387266064,0.0069938156594151,-0.0010966619880767,-0.0087567698124045,0.00585483041208
2024-12-20,0.0199176078302847,0.0182110899349592,0.021859574297433,0.0243983709902313,0.0216412701509536,0.011254090235051,0.0190050889676967,0.0121613295962639,0.0093723823182518,0.0143661859857249,0.0107572228595131,0.0170214628944582,0.0072206511852113,0.0136219864044584,0.0001464656039884
2024-12-23,0.0033248884038294,-0.0063391168418416,0.008267185855455,0.0081820705596649,0.0028433745971085,0.0083826079039539,0.0005022939181464,0.0107029429592497,0.0053828763157137,0.0018676011270095,0.0083472459461708,0.0073887902004832,-0.0021800565570382,-0.0009978970056593,0.0079794750306572
2024-12-24,0.0164436338397053,0.0111643127200034,0.0210412910649018,0.0209722373161489,0.0148851201622191,0.0176293709658541,0.0155957466499154,0.0145522800744186,0.0017400248294874,0.0049710655164783,0.0105547142140551,0.0119464015219279,0.006134222810862,0.0019978892144467,0.0042123743247191
2024-12-26,0.0034253392820238,0.0038305129529943,-0.0026767748544237,0.0076342222296099,0.0023747649894054,0.0049296086295418,0.0017464928264867,-0.000521341619714,0.0028060759506058,0.0035552228363733,0.003686183403728,0.0013178426290294,-0.001085651610382,0.0037219030546682,0.0062558053637615
2024-12-27,-0.0081022926910812,-0.0047137842439728,-0.0086884502910467,-0.009919542177745,-0.0090580509532595,-0.0049054267952801,-0.0096713762702913,-0.0095799743002562,-0.0041306485727187,-0.007650101780453,-0.0106100566272899,-0.0117350262255206,0.0003855064984681,-0.0046351273237901,-0.0021202298529635
2024-12-30,-0.0076708961805654,-0.0096977966553002,-0.0045645543341391,-0.0079678329975939,-0.0098438338972305,-0.008591541782707,-0.0123567480996867,-0.0160412947369295,-0.0108375378879479,-0.0038803678222547,-0.004949506102679,-0.0127067391488775,-0.0084368360629684,-0.0063199318835995,-0.0081748382078153
2025-01-02,0.0012098035023584,0.0077362465630546,0.0041039303616718,-0.0074769648711683,-0.0007116698488982,-0.0063928621533402,0.0055258558354946,-0.0075211359908857,-0.0022969746553119,-0.0075706634021812,0.0006269902634497,0.0021871214593274,0.002110128735081,0.0022146242787768,-0.0136807189485462
2025-01-03,0.0136666199159409,0.0117406659238292,0.0089744648389116,0.0092963624824595,0.0159565739463882,0.0151556600077629,0.0179692826594088,0.003371367416149,0.0082610795611923,0.0221536980019707,0.0208943814930826,0.0096245103685959,-0.0009454266430277,0.0033480482222163,-0.0028989721145735
2025-01-06,-0.0048755125537173,0.0131668642208455,0.0056194189671894,0.0214387509182878,0.0100968152348326,0.0245070734213934,-0.0039593438169941,-0.0079249718490181,0.0004030941839641,-0.0002044838422166,-0.0026605966630984,0.0171257121142771,-0.0287311220150834,-0.0217564286744657,-0.0162661579435929
2025-01-07,0.0096326050815995,0.0149778899553054,-0.0056051563989543,-0.0136816553606663,-0.0061085925091921,0.0129227795902846,0.0004637031050431,-0.0315777139698415,-0.0298067180492548,-0.0041924449047605,-0.0006156602068708,-0.0088818429737157,0.0052695756912934,-0.000955257664615,0.0054245749279455
2025-01-08,-0.0001644792776153,0.0028210202354495,-0.0001723545100297,0.0077239287254424,-0.0002794098696281,-0.005700265865516,0.0027482630492674,0.0054447746578334,0.0102407102320789,-0.0004620785819634,-0.0036959868511573,-0.0096212945540856,0.010087706620965,0.0008878352249128,-0.0078510862424771
2025-01-10,-0.0134085596319299,-0.0238041914932947,-0.0345161998885031,-0.0344908370720922,-0.0224955335864392,-0.0253889425232114,-0.0315338729290087,-0.0308893342600152,-0.0031506368760766,-0.0290733291760034,-0.0234955895005906,-0.0269235695456432,-0.0004360728263954,-0.0257215200394639,-0.0335269662703878
2025-01-13,0.0180932882762601,-0.001108607790657,0.0052679221027578,0.0043742730471743,0.0081475342084726,0.0191874575617736,0.012683354686281,-0.0006592294963611,-0.0015115283963008,0.0180402652407121,0.021316952765527,0.0287524389860216,0.0010906576721623,0.0076329215977239,0.015715480520281
2025-01-14,0.0133490030512173,0.0159787800693904,0.0152410638316173,0.0050810072081011,0.0093577620723508,0.0100317323646721,0.0112449567639059,0.0085443089735459,-0.0044042386864044,0.0170453359511608,0.0138458517758632,0.0243442979779118,0.0099368400671424,0.009451787063029,0.0143258840515065
2025-01-15,0.0197197077068151,0.0288335734565443,0.0601718355943965,0.0475847732390295,0.0668632381889982,0.0648978049552306,0.0398189512434707,0.0519223136938622,0.0182473418430761,0.0326103633077885,0.0375051776850809,0.0322650918650666,-0.0166140632129583,0.0205852602817984,0.010922467821262
2025-01-16,0.0076084230817035,-0.0097665122613543,0.0116681665105935,0.0402910452379592,0.0,0.0030664070839294,-0.0026895146774489,-0.0172328464005473,0.0251153390025467,-0.0194572904012934,-0.0563851042129553,-0.0117474905970155,0.0194399189727143,0.0134240611915132,0.0190752080669591
2025-01-17,0.0192316003872374,-0.0023585911222701,0.0211261428772937,0.0151680456506717,0.0148782813377166,0.0188510813294637,0.0034672015778804,0.0092797655755361,0.0119189474497283,0.0101761199665559,0.0068707940047061,0.0134260308761424,0.0017218975910793,-0.0074552524015176,-0.0148062717129935
2025-01-21,0.0149327986750829,0.0027940774816992,0.0140587373076239,-0.0041342584472233,0.0099896145294786,0.0210026029755419,0.0172446428927699,0.0070948887231061,0.0591545654766993,0.0001008097221348,0.0198511026725869,0.0117297335088148,-0.0019766236843971,0.017504089258381,-0.0023008214860464
2025-01-22,-0.0007225256023491,-0.0186455224921804,-0.0031666136305364,-0.0094681745525773,-0.0039819470494549,0.0002450331575338,0.0135243366242727,-0.0056813676954088,-0.004077756814791,-0.0113820986937719,-0.0139902965719042,0.0399563355924832,0.0012055361638454,0.0161480540594738,-0.0020084217389095
2025-01-23,0.0118326139041393,0.0131032364876078,0.0106996919532666,0.0132352358188072,-0.0014185780690391,0.0035500261404846,0.0112334313602597,0.0113181916304603,0.0183624194901983,0.0068773137921303,-0.0041125910366763,0.0154283081639114,0.0036554067493432,0.0227671081386233,-0.0067829226343474
2025-01-24,-0.0041739344691223,0.0028024243224236,-0.00406570940021,0.0001451091206778,-0.0014206950386476,-0.0060990894835479,-0.0139011082176121,0.0026726027031014,-0.0030457870465511,0.0095117133038911,0.0132147718032462,-0.0024506770229119,0.0055703210256561,-0.0013318695743437,0.0007503912853956
2025-01-27,0.0038137577374568,0.012252783503371,-0.0056836935902173,-0.0084892052061879,0.0080186869703213,-0.0050320252925021,-0.0153109631168809,0.0092997340446543,0.0085542011580592,0.0168395248580088,0.0095782643991366,-0.0050114487695691,0.0096727691859814,0.0213374449556562,0.036707882713872
2025-01-28,0.0048523995758142,-0.0053090486502201,0.0071373587810454,0.0138308238442024,-0.0007700376315712,-0.0139384837051418,0.0019594027900311,0.020641965209756,-0.0100568738037037,-0.0057664949187785,-0.0222042896233062,0.0030121207202349,-0.0108040074578402,-0.0123733998473059,-0.0152627319834219
2025-01-29,-0.0020964446953393,-0.0019214552620843,-0.0006585220532913,0.0012271254588986,0.006292003210794,0.0086312904090224,-0.005645948090862,0.0013414488150516,0.0044062683977244,0.0022802401168093,-0.0161024937223349,0.0038894861615332,-0.0080634677260552,-0.0101988448489733,0.0130752872122883
2025-01-30,0.0061895486919616,-0.0006416618561017,0.0130534258509253,0.0088674359086626,0.0057418851815975,0.0152549269694644,0.0117367694768608,0.0179646652193066,0.0187667634002481,-0.0005439945567174,0.0071337915473614,0.003481940119248,0.0147097623286607,0.0141203802768332,-0.0038067744608535
2025-01-31,-0.003467098436242,-0.0089897939561959,-0.008208093543887,-0.004208288167909,-0.0002538801178083,-0.005252647752001,-0.0047031416044336,0.0037145483184015,-0.0105261072221825,-0.0055425910810421,-0.0045833362927247,-0.0044473785873183,0.0025432220902896,0.0024459454533793,-0.0105537615053241
2025-02-03,-0.0018331000247032,-0.0019438654007638,-0.0125390879886643,-0.0091742806072216,-0.0083754724719066,-0.0155807109223302,-0.0028980014511019,-0.0574151899653415,0.0003627004429964,-0.0164717658389097,-0.0190455763619606,-0.0137449667673383,0.0174614336924887,0.0035036819382463,0.0075400203396636
2025-02-04,0.0042350804336479,0.0108201336144682,0.002862154760413,-0.0028433920134656,0.0170207741987651,-0.0141941970936467,-0.0022115994095998,0.0018840196204461,-0.0114805039313543,0.0067799690358114,0.0123745977233946,-0.0039321922867617,0.007812282828659,-0.006671130363157,-0.0062059428990978
2025-02-05,0.0092929995154469,0.0085635505885277,0.0177712253697182,0.0157928961970172,0.0072982389215352,0.0124872014853241,0.0148815221836291,-0.0011420037474343,0.0008558194295158,-0.0004522369705579,-0.0014751214178203,0.0182891094744859,-0.0036697855510722,0.0086618158261282,0.0020937881786562
2025-02-06,0.0239249359422382,0.0133731005179744,0.0197844673970208,0.0154754727810395,0.0171142228595706,0.0361188811223418,-0.0011855005385954,-0.0077674262177394,0.0216196017012844,0.0177987545984161,0.007598170120854,0.0140347322908778,0.0114634461336715,0.043434760494849,0.0002932927383254
2025-02-07,-0.003972539365988,-0.0071219950015868,-0.0035245570156712,-0.0077969588399179,-0.0043197982107342,-0.0074091849208791,-0.0105576440465215,-0.0144841178094141,-0.0054997695063717,-0.0084473303154207,-0.0106828400563951,-0.0165988711929223,0.0017183694433406,-0.0050688860859179,-0.0099676702476243
2025-02-10,-0.0172588246815752,-0.0154009621543467,-0.0081872524685197,-0.0190743516989102,-0.0194619137738046,-0.0121145312974284,-0.0205511960170439,-0.0065420275333023,-0.0241644864957801,-0.0171383860954954,-0.0074106492915679,-0.02175103352196,-0.0123351783556829,0.0017380397761486,-0.013251531440472
2025-02-11,0.0145734689800578,0.0025713854074385,-0.005057495308774,0.0034959222653181,0.0068266739399949,0.0047069670438266,-0.0022238950321544,0.0026888006582679,0.0250091903636893,0.009833750479075,0.0151450129120938,0.0024649622771351,-0.0002894191840774,-0.0010769051816693,0.0051767376849463
2025-02-12,0.0016729817506517,-0.0123959244995744,0.0027192549933081,-0.0049350649350649,-0.0048970770214691,0.0019725397795038,-0.0102399904111268,-0.014662891924934,-0.0110577105523546,-0.0182211262922249,-0.0021012753485154,-0.013749536214948,0.0298669352187945,-0.0022763001089701,-0.0107851183243329
2025-02-13,0.0031584135969318,0.0025969823399907,-7.703105456091652e-05,-0.0019692023191091,-0.0050474009950574,0.0102129561270141,0.0035900974630052,0.0067677727129593,-0.0086290591491958,-0.0008179845566814,-0.0021057000040252,0.0039177656821798,0.004619079867411,0.012067892319852,0.0100727169578893
2025-02-14,0.0009770405707392,0.0135979045636986,0.0178751008506239,0.0154194388510873,0.0143311638038043,0.0305726288531309,0.0115121700414799,-0.0065081266931948,-0.0118081822496295,-0.007777708095364,0.0075964817412952,0.0245806683187743,-0.018511855587217,-0.0110341706143225,-0.0120266054913503
2025-02-18,0.0121479959637795,-0.0091567536067451,0.0176216448607526,0.0126664821793029,0.0100024671432294,0.0002361935746237,0.0058191947146579,0.0040454698052661,0.0141897718333237,0.0134598464853656,0.0039791220823384,0.0061519615417249,0.0096546726250275,-0.0012596344934789,0.0079011093143925
2025-02-19,-0.0025004475915754,-0.0111754619775753,-0.0060102242572819,-0.0001421763595865,-0.0053230117751825,-0.0081530269594837,-0.0093655713457666,0.0086719938906414,0.006504809973078,-0.0117544587837046,-0.0171045937880148,0.0346154108334453,0.0117005335964015,0.0027626704445498,-0.0006376448059941
2025-02-20,-0.0445838865778233,-0.0154314696435623,-0.0387488423572993,-0.0451347609272471,-0.0214063817165693,-0.0309746129789615,-0.0195533055515318,0.0030821855918137,-0.002194960380795,-0.0119458808505288,-0.0076401812447857,-0.0212087185459654,-0.0096908437170032,-0.0010182792337395,0.0039409345803931
2025-02-21,-0.0095949356257875,-0.0108167000002525,-0.0259394289738158,-0.0197260589766686,-0.0143711589769768,-0.020776914788369,-0.0278418265532047,-0.0153228308269458,-0.0169864162281976,-0.0200114181147889,-0.0190332943560203,-0.0251740442973992,0.0022148888843345,0.0064754264530184,-0.0008973447744888
2025-02-24,-0.0109749007090308,-0.0078107128662273,0.0008630530083015,-0.0130609500035197,-0.0036128811412075,-0.0139359693475028,0.0004400568524045,-0.0219868531192016,-0.003978205914505,-0.0057963376221237,-0.0056682279023654,-0.0013985018921865,-0.0045004344171566,0.003276263308489,0.0231618120234247
2025-02-25,-0.0150762411738976,-0.0116960408444272,-0.0179354403288544,-0.0028467647775155,-0.0157989478806293,-0.0050929641191365,-0.0074102791746148,0.0054682413435378,-0.0139790431410851,-0.0026210114977054,0.0065775733739175,-0.0300620778854904,0.0123915943014596,0.0165656768822042,0.0146651240321755
2025-02-26,0.0054002836410202,0.0,0.0046512688620958,0.0111883250864821,0.0059209422178962,0.0119017064725499,0.0094088914351928,-0.0044259371832241,-0.0037974890949122,0.0029497320586824,-0.0034852098264458,0.0147491417908505,-0.0112830910214006,-0.0002336155325467,-0.0136602128020985
2025-02-27,0.001004585700437,0.0040963598159133,-0.0158150198969063,-0.0138115673003033,0.0022236913522555,-0.0025293137909717,-0.0064169749124612,-0.0093103098496899,-0.0034307192475226,0.008234306075693,0.0115846906113945,0.0010672585215105,0.0075004523826303,-0.0019280054548447,0.0293430313039162
2025-02-28,0.0216175186181655,0.0448778283108441,0.0285785089844117,0.0299443178732266,0.0221873705682147,0.0136933669422671,0.0229775603599646,0.0348081862811038,0.0140252889643572,0.017819209474637,0.013396779995096,0.0181236575415304,0.015689320691826,0.0139897152076473,0.0134544900814304
2025-03-03,-0.0152277225675903,-0.0117136201988056,-0.0273666654734175,-0.0298999870297453,-0.0164709174946668,-0.0347717553905044,-0.01817516637186,-0.0115671044728584,-0.0177291085156481,-0.0126614973454939,-0.0140725027512331,-0.0217901708933691,0.0122552342835275,-0.0001731237023571,0.0147470214866056
2025-03-04,-0.0397896737595429,-0.0634328577940909,-0.0398505936152745,-0.0573841535522161,-0.0484226910702105,-0.0624596226854289,-0.0406780607738211,-0.0151891929973014,-0.0380183888284315,-0.0477069508634749,-0.0352507818541892,-0.0574981634975684,-0.0190750514540071,-0.0193417145695273,-0.019123864265529
2025-03-05,0.0051148044734152,-0.0089056391346958,0.020528539389141,0.0166776616020942,0.0117327335469163,0.0084314308017299,0.0025045521143076,0.0171781957051135,0.0211576423041868,0.0001108268089426,0.0013448582462818,0.005678782000851,0.0099213403577631,0.0103620282982186,0.010065228326332
2025-03-06,-0.0198386897766561,-0.0196264036452793,-0.042827977172086,-0.0353939832443377,-0.0203615422736629,-0.0326206187629569,-0.030051266140144,-0.00877974772156,-0.0153767122803409,-0.0082563498727057,-0.0064919330109415,-0.0528098505569615,-0.0017289822656842,-0.0114212033942888,-0.0025086218397399
2025-03-07,-0.0172790674064672,0.0048546110001814,-0.0140927773868292,-0.0006701760569722,-0.0220232215491348,-0.001700315659886,-0.0088158339919649,-0.0078685912961109,-0.0123082181508724,0.0044140180568896,0.0076612122573909,-0.0168058052184916,0.0070414279053701,0.0034777436405855,0.0010478338811423
2025-03-10,-0.0415220645039043,-0.0379226884090383,-0.0500473887655363,-0.0637102802788037,-0.0600985921755853,-0.0432868468952356,-0.0435196247395459,-0.0334347057531549,-0.0454240865102,-0.0287034405223791,-0.0525493399931044,-0.0537045280879334,0.0302862405111918,-0.0064027974530106,0.0222269069765936
2025-03-11,-0.0132634517661335,-0.0055236208051494,-0.000432532365779,0.0031336398640569,0.0074872762439721,0.0013350597445944,-0.02269253563927,-0.0053427384511876,0.0172658407658889,-0.0260579885575021,-0.0191172496740049,0.0093366921070776,-0.0070534439486851,-0.0046704189863738,-0.0077143767056837
2025-03-12,-0.005411467040687,0.007573776391911,0.0080538818827573,0.0174936912441421,0.0245245421952233,0.0066666317122034,0.0209875092210187,-0.000340479995596,0.0241479272043387,0.005586230712528,0.0028873044055366,0.0305320535521684,-0.0142457429799351,0.0039202772058239,-0.0231164952422099
2025-03-13,-0.0118911519911786,-0.0060134763880277,-0.0203468579576295,-0.0203507411951979,-0.0068185987508315,-0.0105958324093162,-0.0165676360400488,-0.0105487690670582,-0.0095662230305759,-0.0126892894228994,-0.0182342644047212,-0.0254033808721009,0.0121533702109029,0.0007100193726896,0.0160923900706118
2025-03-14,0.0321949486032087,0.0307537365615973,0.0316304192241199,0.0327721304868025,0.0349109590986251,0.0230549681069822,0.0358772975613745,0.0313616798952014,0.0489729821833992,0.0245795489552158,0.0268819374609525,0.0346134771349193,-0.0044643240191443,0.0113514228116753,0.0219720443427178
2025-03-17,0.0064102247589621,0.0134506475110145,0.0183410403488555,0.022715432674274,-0.0001414111013247,0.016865427622875,-0.0047059461098392,0.0315494808442209,0.008559146365122,0.0058385253157369,0.0038077563561367,-0.0384592999243194,0.0189423223607831,0.0131317306251106,0.0117021796126954
2025-03-18,0.0044457805308686,0.0050676639386255,0.000798094922904,0.0012716420354044,0.0038115571121584,0.0040033330184732,-0.0062787195237725,0.0006471693257041,-0.0027003344372273,-0.0037356195035433,0.0023707841340379,0.0212998534029602,0.0110405104898594,0.0001156638432135,-0.0058506385763642
2025-03-19,0.0176193025465247,0.0134453501477793,0.0100764185677182,0.0147320466393665,0.0232035343907224,0.0173741418014634,0.0301843250764601,-0.0014498796907645,0.0150851278541761,0.0027688766807876,0.0094607072415264,0.0226330127795122,-0.0038277039041288,0.0049177447262491,0.0019955535582423
2025-03-20,-0.0004182459379482,0.0063966698861335,0.0095812579685699,0.0051731450695295,-0.0032986338387144,0.0053189469112622,0.0006648523076451,-0.0031967619827201,-0.0020322075659514,-0.0024159964190211,-0.0016400786651983,0.0108343151622096,0.0040305338932213,0.0109390949575676,-0.0071899421919996
2025-03-21,0.0109618919230747,-0.0002354488937916,0.0043718966878765,-0.0027393239004196,0.0,0.0022281282715059,-0.0011815052840115,-0.0025573127050094,-0.0022909630617596,0.0011530754963398,0.0053977097381088,0.0020059994804273,-0.0119680789886521,-0.006834059139206,-0.0091458915235823
2025-03-24,0.0266110292763224,0.0141275833469349,0.0264712916541181,0.034376612132011,0.0242692827414734,0.0286187176082934,0.0271709834861526,0.0123670229746439,0.0200279584977083,0.0168769675955375,0.0214752077636988,0.0345498531387125,-0.0015568235767854,0.0049314352786882,3.435507801885507e-05
2025-03-25,0.012376008736707,0.0048758759931517,0.0100673139030111,0.0074835953505434,-0.0005386805682278,0.0058077456153247,0.0051105733297096,0.0103580821232009,0.0098799780847753,0.0019258748372432,-0.0013710738022233,0.0087360614430596,-0.0033468329124859,0.0021682907700646,-0.00013720418255
2025-03-26,-0.0003981645366115,-0.0106286403292427,-0.0205141518632249,-0.0239616218477207,-0.0103717051258941,-0.0165167237715928,-0.0117445088591764,-0.0053828016373117,-0.0075540128041371,0.0002260364985828,0.001601797743292,-0.0143060127908678,0.0025184930947446,0.0007402275189416,0.0134521894629009
2025-03-27,-0.0115923305510837,-0.006071782956284,-0.0261361060542641,-0.0261866125015444,-0.0161969892271183,-0.0189787137260477,-0.014420561800304,-0.0003097782995383,-0.0067384371982701,-0.0110217146654911,-0.0123373085358241,-0.0093422683420369,-0.0033114477530769,0.0034137245285377,0.0102938568582247
2025-03-28,-0.0212396626452096,-0.030780116898834,-0.0282685504455438,-0.0308401606725536,-0.0219977750269607,-0.0211552596709938,-0.0240421364390872,-0.0219434748648134,-0.0224873827493969,-0.0176601675707673,-0.0224380254672781,-0.0259331452473411,0.0014129078424292,-0.0093557384181859,-0.0064351191226001
2025-03-31,0.0100885364008913,0.0116363530600209,0.0058364312995766,0.0116186913896503,0.0155608196454057,0.0093844769434516,0.0134473143293072,-0.0002323924197457,0.0060405039202162,0.0226319497707851,0.0110153456325556,0.033250807010408,0.0117079412153029,-0.0126496876003882,0.0187221698458304
2025-04-01,-0.0066856700619613,-0.0057512998982555,0.0039539409803377,-0.0079712197092874,-0.0066861897116239,-0.0063388877028547,0.0053150486343152,-0.0025357311939612,-0.0077925645072352,-0.0064288491165643,-0.010658514049026,-0.0060234283902467,-0.0114971156212669,-0.0058549146420654,-0.001953724915491
2025-04-02,0.0088648576521526,0.0086768057818282,0.0267116313945012,0.030499417550571,0.0133221124749962,0.0172949884771431,0.0176352809768736,0.0188119938595452,0.0118449153754274,0.0135708574475441,0.0296864118724524,0.0222195397660569,0.0011441551017894,-0.0061228797440503,0.0004645500288695
2025-04-03,-0.0696851681146382,-0.1106332910465386,-0.0921149631544592,-0.0950783799957498,-0.0911985405759907,-0.1213768121898444,-0.099654858408088,-0.0771333847247619,-0.0473341279261571,-0.0888086580353715,-0.0981165873285995,-0.0995718099689214,0.0221680025262624,-0.0168975350052706,0.0030510187464383
2025-04-04,-0.0748383832377113,-0.0760342886782599,-0.0790642404029482,-0.0750486308063607,-0.0714175076126089,-0.0780332149628432,-0.0539272537166344,-0.0732608963522413,-0.0776012904285109,-0.0507779389510261,-0.0505285758286373,-0.0821139369212219,-0.0517961156636961,-0.0645737866706518,-0.0720095701089928
2025-04-07,0.0197831867360283,0.0346031676902571,-0.0112571993504279,0.0109185616415767,0.0195145389862354,0.0123859395834522,0.0025677812200117,-0.0062240445872241,0.0141904857358317,-0.0018942207695735,-0.0008146376479545,0.027229826582082,-0.0082134675458823,-0.0133343812529164,-0.022659126392879
2025-04-08,0.0113317793698264,-0.0154583668420174,-0.0070675047349694,-0.0060443780408513,-0.0014476167033783,-0.0013592595396572,-0.0123357539279612,-0.0021774076504058,-0.0015704474784861,-0.0199595460631836,-0.0108695284948586,-0.0149996118539112,0.0105400919204701,-0.0195925032656509,0.002442326044912
2025-04-09,0.0805551933010211,0.0605195757873344,0.1182336892971573,0.1135479638037118,0.0684600285194869,0.0915432883651488,0.1338434015751062,0.0997401452842594,0.0760760786279273,0.0699118732842469,0.0796703880902691,0.1480799136969754,-0.0035290052195432,0.034230236146503,0.0350194827149299
2025-04-10,-0.030852629090056,-0.0349932750703099,-0.0523729964792865,-0.0458370079107155,-0.0485451517843751,-0.0399064860498998,-0.0589648926621005,-0.042694015491603,-0.0186046137942486,-0.0503650839511633,-0.0521629750336153,-0.0728946587638545,0.0167631569366244,-0.0103309394774361,-0.0080107405900505
2025-04-11,0.0400246613841419,0.0027894847819638,0.0094733209168664,0.0144492470244452,-0.0095073023517919,0.0008118229514701,0.0171736732798835,0.0232887666129497,0.0421123172852579,-0.0011171195670534,0.0163760642019237,-0.007338459680187,0.0121908107390515,0.0046396250357829,0.0036480246504075
2025-04-14,-0.0062658600530649,0.0200278543329628,0.0192945508545607,0.0091564503387828,0.0094385315624159,0.0256327321785132,0.0169235506931411,0.0127108733605372,-0.0005196861860865,0.0219093353895596,0.0089802528504627,0.0096291862508239,0.0082205565181832,0.0248861128658373,0.0175390399671941
2025-04-15,-0.006774030663413,0.0359967231091373,0.0077583274150372,0.0121895037531762,0.0228209317180989,0.0175576716496266,0.0097110049156194,-0.001696763661763,0.0035101087686313,0.0004507048080004,0.01125669566459,0.0062761338319807,-0.0031098136292007,0.0010011527220463,-0.012277283787718
2025-04-16,-0.0150988667421506,-0.0173728360068804,-0.0174054267630197,-0.0233611240907812,-0.0086767368900277,-0.0346650091958211,-0.0191576900064329,-0.0255052899547267,-0.0193030385461298,-0.0146304531336542,-0.020968148173834,-0.0212792026166349,-0.0056300658870495,-0.0094403094928068,0.0009480992206116
2025-04-17,0.0102348109743142,0.002143028791619,0.0209197521332493,0.0122381768844983,0.0114098419390586,0.0185185208638261,-0.0063656865446793,0.0115502719232636,0.005944498694467,0.0052131066641152,0.0100474312391252,0.0169312799841934,0.0043612082515931,0.0012622995230313,0.0018240511940355
2025-04-21,-0.0128038991022679,-0.0130982440092278,-0.0159571603436944,-0.0263783879242421,-0.0108174874505915,-0.0088538484886429,-0.0350164969599207,-0.0248693532787911,-0.0157584569130077,-0.0144422458363859,-0.0102093267904275,0.0146831788252883,-0.0083799685830794,-0.0227559429441417,-0.0203437651455585
2025-04-22,0.028822129788224,0.0379199091470097,0.037158915233481,0.0383817843974696,0.0346822522471876,0.0296699744680861,0.0408642238667025,0.0388993894698868,0.0217480376423537,0.0287750106237802,0.0314730888463612,0.0305158539526069,0.0200898170131136,0.036444554701265,0.0380299808596498
2025-04-23,0.0224543569635746,0.0112213456549554,0.0179233971313514,0.0174850563459778,0.0258188673679709,0.0271106782281189,0.030584082630342,0.0059960976857951,0.0165837318133401,0.0191648691345867,0.0130768375654661,0.0367802413071343,-0.0153636589878055,0.0019293992438822,-0.0204189050373576
2025-04-24,0.015609400046485,0.0214193104757349,0.030341347399118,0.0292938998415845,0.0238444731508369,0.0280543984797179,0.0276003962526687,0.026575962604753,0.0196532380077365,0.0148655306209388,0.0136675228514444,0.0486797100213098,0.0068456003796959,0.012360874709179,-0.0087524838246839
2025-04-25,-0.0044555749009299,0.0027791065472104,-0.000934992921866,0.0035468267731766,0.0024440635605293,0.0039611082379835,-0.0093895774106013,-0.0093532613418335,0.007054777392724,-0.008074995091332,-0.0032460116315666,-0.0125371817366314,0.0115091763463646,0.0015339447308322,-0.0102481744712076
2025-04-28,-0.0013549473928955,0.0022676025923473,0.002826438355771,-0.0015516880845563,-0.0043023789452808,-0.0021918565821725,0.0005288516667409,0.006665243121225,0.0030021708362513,0.007509674781079,0.0065132655380126,0.0021890360845835,0.0060835587832164,0.0015315004185449,0.0109992017758719
2025-04-29,0.0057560764009347,0.0052790361030639,0.0046118682973821,0.0032806426376785,0.0240529220516001,0.0087871462185369,0.0078128072712104,0.0074200850240786,0.0134697665426071,0.0059507515289634,0.0079641527783003,-0.0002732014717086,0.0165718310612612,0.0174334307054611,0.0098165171468354
2025-04-30,0.0,-0.0027507117476451,-0.0024956946901196,0.0011710994691724,-0.0012656892151348,-0.0072587993231377,-0.0022844576512018,-0.0068005258038884,0.0017229377256688,0.0005601849927043,-0.0039506626160863,-0.0154031527123186,0.0173300608583979,0.0098599109721904,0.0039655413055776
2025-05-01,0.0092797472510486,0.0072717988305739,0.011469285910358,0.0116098319838016,0.0112658712494568,-0.0035098102970307,0.0079951641113549,0.0020563194875447,0.0013512791636485,0.0018668974351085,0.0039663322566556,-0.0002217135936025,0.0001082818237923,0.0170864201995348,-0.0097524725234195
2025-05-02,0.0227631249590594,0.0224046750113782,0.0221547830557211,0.0296333711831024,0.0277122114321142,0.0359552219184482,0.0309451381351484,0.0142554295579899,0.0196294402901762,0.0282626391280977,0.0239505517063951,0.0422261981890266,0.012052921781289,0.0152774150994958,0.014190394351855
2025-05-05,0.000197957920792,0.0012175659811644,-0.0115527350809595,-0.0051573146373339,0.0006774115591248,0.0029987234117461,0.0042621594405043,-0.0093305392053886,0.0031284632143739,0.0009666032572368,-0.0002411953541171,0.0003726301886024,0.0075236257498159,0.0030556566543973,0.0018098300610425
2025-05-06,-0.0131057595714808,-0.0068092768411454,-0.0182286616957115,-0.0106186437793452,-0.0050100040848597,-0.0109624088062728,-0.0095673984203515,-0.0060401050398608,-0.0064771846796718,-0.0130959797145051,-0.0115773648070861,-0.0116551116630971,0.0014864324572734,0.0069548364916942,0.0040650019281467
2025-05-07,0.0005616446188188,0.0022037497442719,0.0046600319226766,0.0065071690717646,-0.004082916415812,0.0112280124033647,0.0031594512238943,0.0058909252488128,0.0142460603872607,0.0027517129546814,0.0078086793790832,0.0045231099906632,0.0065022548713731,0.0076488874273192,0.0049480079678938
2025-05-08,0.0163600658056692,0.0163692135443667,0.0249674300651987,0.0233417609376145,0.0017763850275445,0.0197864562994436,0.0268608649708737,0.0089965917947831,0.0042851348768,0.0167703624707635,0.0203389507911317,0.015813474275752,-0.0099362205459637,-0.000339874632607,-0.0050269597659714
2025-05-09,-0.0015387044269007,0.0045674081718727,0.0024746501011563,-0.0014768671901038,-0.0063090895675133,-0.0026521931618244,0.0029964764585066,-0.005599675230979,0.0043996013992366,-0.0017392912871909,-0.002847659857637,-0.00918218307956,0.0083692882507613,0.0105399592082022,0.0031491949777056
2025-05-12,0.0275406772052122,0.0375687845987047,0.0427439869303691,0.0440426972527789,0.0335403440622488,0.048425424322382,0.0506484725618467,0.0374578795669022,0.010654747242903,0.0514299626987848,0.047358370756291,0.0649234702213592,-0.0488130362545936,-0.0274209745252224,-0.0007935415684746
2025-05-13,0.0113825767351272,0.021217701166138,0.0210874366575861,0.0180230495200015,0.0148238149808963,0.008810701621029,0.0113072986265976,0.0012003348147511,0.0099564186649929,0.0144571991341051,0.0081798946205906,0.0054513047692099,-0.0078753064506575,-0.0034594768061744,-0.0149146246727378
2025-05-14,0.0099996577941887,0.0103885204834264,0.0129014908018598,0.013065196653593,0.0038162154785839,-0.0037052183726877,-0.0072775355865015,0.0082153453690962,0.0109024910506485,0.0018024625356352,-0.0031553106486853,-0.0189016022797414,-0.0076768137151917,-0.005207139847413,-0.0138435288987268
2025-05-15,0.0069641164944833,-0.0080465927692311,0.007030899740311,0.0112180749478814,-0.0090456389886686,0.0088989829881771,-0.0018327473528871,0.0165656348421818,0.0108994361737038,0.0090526807146069,0.0079133360445289,0.0013181364646883,0.0289921621275073,0.0169245052683715,0.0379202605531674
2025-05-16,0.0002615855589815,0.0069851096643487,0.0050820312031696,-0.0024903564581392,0.0078053627843874,-0.0031595660999511,0.0005676495499526,0.0067441698936667,0.0065828125553528,-0.0002230619082724,0.0076266578478421,-0.001417699203018,0.0083574930496619,0.0080069010891157,0.0078068352054196
2025-05-19,-0.0100163754820955,0.0017900935465127,-0.0108720143127196,-0.0101376833800088,-0.0015752239814775,0.0054146658431526,-0.0014014506004138,0.0039910887731948,0.0060885972261217,-0.004347310627098,-0.0028939168284393,0.0009634603355674,0.0059719527449713,0.0028369053712531,0.0008493678777128
2025-05-20,0.0030203553070473,-0.0017868948375956,-0.0094397806479897,-0.01306940872378,-0.0070997427752736,-0.0030211220273801,-0.0104576500403441,0.0040758411201813,-0.0005604787577858,-0.0064934169220411,-0.0084840783174895,-0.0073958380461359,-0.0002518758332357,-0.0026026082716426,-0.0088940094720098
2025-05-21,-0.0174647212043534,-0.0322219470346728,-0.0215326507314954,-0.0296600549567976,-0.0308526007010307,-0.0326746248698578,-0.0343385597506287,-0.0249372545505951,-0.0179411331017618,-0.0293555061896486,-0.0342265146170566,-0.0460321612533471,0.0139272681757349,-0.0089057283997191,-0.0052745358560389
2025-05-22,-0.0014173437429104,0.001387361377179,0.0080376604935648,0.0076616363377972,0.0027325553648462,0.0,0.004126017273224,-0.0030117545422945,-0.0030829707921885,0.0041795553207844,0.005362330901804,0.0087198644959698,0.0009231468386798,-0.004120923829779,-0.0114663415946378
2025-05-23,0.0001533369059993,-0.0025398512952191,0.0005181827871476,-0.0015049082174931,-0.0076304322767795,-0.0044948066258652,-0.0068249298098742,-0.0069285651773607,0.0010307464735337,-0.0067633940612814,-0.004174271753276,-0.0153224846502075,0.0073403014864701,0.0121839913062071,-0.0034483839080567
2025-05-27,0.0175675097385172,0.0236111690956648,0.0287197864528268,0.0249068984835083,0.0159273980086309,0.0325627223403885,0.0299417057228565,0.0188334748360405,0.0140733063677467,0.0257246264171278,0.0186306774751052,0.0376593823569493,0.0010208558438307,0.0137404817905226,0.0126879345046608
2025-05-28,-0.006784942862151,-0.0036183278961031,-0.0118396341463414,-0.0131568770626501,-0.0035138821316258,-0.0058302159725214,-0.0013616743204707,-0.010231014780388,-0.0065440160901079,-0.0128802589113534,-0.0116598229864217,-0.0050508051433914,0.005697185916095,-0.004144712215627,-0.0025195524221823
2025-05-29,0.0033396798874485,0.0040853900808934,-0.0058838907561866,0.005097583788914,0.0105791363623721,0.0066640891035425,0.0068857472536749,0.0051889273129659,-0.0032936050360787,0.0064954682503375,0.0122600369885716,-0.0016745916572339,-0.0003846771958034,0.0041057502378121,0.0178199919860562
2025-05-30,-0.0013996090787817,-0.0024864592283521,-0.0023425750076089,-0.0010144313977583,0.0036236130359241,-0.0027804630427538,-0.0045027149553847,0.0036565461884703,0.0066089774335158,-0.0073672877678363,-0.0038848312681075,-0.0084399240827278,0.0109489128353028,0.0071137401655652,0.0103689433985305
2025-06-02,0.0025002175157278,-0.0011330501936882,-0.0028813802918026,0.0028900282460515,-0.0008023052173402,0.0063730345701025,0.0043529345081789,-0.001857348975562,-0.0026036696962058,0.0007480140309796,0.0006882104761092,0.012212564701618,0.0059169419563522,0.0028920666555951,0.0091857568422839
2025-06-03,0.0060830442521513,0.0129310505851527,0.0085348624745278,0.0021806111212263,0.0124463943866375,0.0096304604175312,0.0069755113711975,0.0041510564118645,-0.0012484115350875,0.0136253775661887,0.0174231959403647,0.0217799365862807,-0.0288947729621283,-0.0054348942276913,-0.0117362002353135
2025-06-04,-0.0076990228750107,-0.0064949456827073,-0.0076511212450085,-0.0040409641430769,-0.0035691107328199,-0.0016986169642704,-0.0049095068002861,0.0069644331575342,-0.0059090304485878,-0.0082241942326584,-0.0108155373514322,-0.0141594845087157,-0.0156919300772767,-0.0011709226519704,-0.015620241866235
2025-06-05,-0.0085911937307325,0.0004507641380182,0.0111313446716319,0.0191947564401364,-0.0063676637739478,0.003533938792515,0.0001014602968407,0.0017281795244266,-0.0027436394198057,-0.0009150834389717,-0.0050115726519073,-0.004459179118617,-0.0107242259536468,-0.0031820309410879,-0.0008911047788239
2025-06-06,0.014430329126416,0.0192656367430232,0.0134021180061352,0.0091869836509017,0.0190921692220187,0.0207382864579299,0.0219960533754484,0.0036428155171837,0.0115773945451116,0.0224957256992763,0.0249542566811689,0.0319792115327188,-0.0024008599625029,0.0006720214324851,0.0078897180995056
2025-06-09,0.0038006478636305,-0.0022237452060894,-0.0007818470329969,0.0009863248197616,0.0017031816319512,-0.0011501156097487,-0.0030084608616907,-0.0002122602503461,-0.0004533272142622,0.0006157810834614,0.00223354137198,0.0042899485734424,-0.0169968660979249,-0.0151666966433461,-0.0136818357724666
2025-06-10,0.0069732421938384,0.0049031254199554,0.0022003228479794,-0.0009853529416989,-0.01320959065575,-0.0017909401961919,-0.0067648532379686,0.0030945279801892,0.0006801240427134,0.0037485363186429,0.008246123967782,0.0101009291469793,-0.0083844488240375,-0.0025004631791915,-0.0122497679150795
2025-06-11,-0.0016753036116935,-0.0079840388379056,0.0151253109419675,-7.587113998164252e-05,-0.0068919792258919,0.0044854335400796,-0.0014021800792765,0.0014114421361495,0.0014728485400181,-0.009308297593308,-0.0229883742989917,-0.0023382320349806,0.0133405821992682,0.0112231746396065,-0.0022359302453475
2025-06-12,0.0003355297576668,-0.0024592792434809,0.0015059951014508,0.0008344087500289,-0.0122781142667822,-0.0019136593608691,-0.0037111423075288,-0.0050841176748464,0.0011313076365799,0.0,-0.0009051012048325,-0.014212374420413,0.0048583157799437,0.0089014132213476,0.0128848704782362
2025-06-13,-0.0122650390174454,-0.0118780540516364,-0.0185088236717877,-0.0184201669961203,-0.0222942567992874,-0.0239039716047083,-0.0342293853624197,-0.0166253162914341,-0.0128814077803525,-0.0245866022954602,-0.0264945837267316,-0.0245345468196933,-0.0053882809277672,-0.000895820637205,-0.0053066040875291
2025-06-16,0.0204188101884097,0.0072578195475694,0.0233237178267433,0.0108888762709375,0.0109176756569795,0.0223938846478499,0.0223427479654565,0.0105781640025794,0.0184294358725818,0.0102093739615114,0.0037219323934154,0.0248404842674738,-0.0073839964001164,0.0076216058547899,-0.0012552550758607
2025-06-17,-0.003106976079671,-0.004053145176586,-0.0051127046172715,-0.0061879792621784,-0.0088860072645072,-0.0090942952603267,-0.0047923551011219,-0.0131555512691701,-0.0001123712398403,-0.0110767306960545,-0.01066059773443,-0.018722813665989,0.0081866579342315,0.006618504790689,-0.0091821143645957
2025-06-18,0.0164736886410927,0.0187656406409162,0.0169696442905702,0.0186795863705484,0.0308966267810986,0.012797346551358,0.0123289388381269,0.0106688307717848,0.0106789861620195,0.0119515392057334,0.0135863486779526,0.0167594446685857,0.0088987541885203,-0.0067960500205949,-0.0058139119751656
2025-06-20,0.0037962112490776,0.0097647283831339,0.0087527521734855,0.0014335831323737,0.0088307062509915,0.0012762612714753,0.0073204998824338,-0.0051863049841749,-0.0077856387696315,0.012095653185862,0.0004621382616465,0.0060861887185745,0.006945821635784,-0.007398773545157,0.0059188609391958
2025-06-23,0.0118909261287749,0.0175824814081611,0.0094881404317463,0.00972056238664,0.021352684839484,0.011599711058976,0.0034831258325549,0.0121712028476042,-0.0093038865141842,0.0189413306287007,0.0184800488050498,0.0164844055200912,-0.0048540290883027,0.007285726658583,0.0153970176107782
2025-06-24,0.0107449366805001,0.0077753846609742,0.0235437499921795,0.0141788953448436,0.0142839092497333,0.0224294331548109,0.0292026659090396,0.0189292385374049,0.0106359468339907,0.0070261732959151,0.0102064522490599,0.0234080033700534,-0.0046945649071011,0.0062316634538883,-0.0048925415774944
2025-06-25,0.009955263149415,0.0040719673554274,0.011720111721494,0.0133922632010643,0.0122904166931185,0.0183633423960234,0.0006809471372044,0.0130452292527578,0.0053738946498322,0.0026921124851115,0.0062865343579416,0.008092645586887,0.0060799768960411,-0.0017695219077886,-0.0138085018797364
2025-06-26,0.0165105901715814,0.0130202984005229,0.0258110415004813,0.0147399767431939,0.011255711769845,0.0210577862063898,0.0091708489212813,0.0124843523264812,-0.0040088346821587,0.0164374371308642,0.0178491118663772,0.011921355124435,-0.000732499157533,0.0014957342511758,0.0026519232414343
2025-06-27,-0.0056796622030699,-0.0071638607910765,0.0053115800781857,0.0067264122692587,-0.0057529198025486,0.0001184642154838,0.0185278061066684,0.0165211167305248,0.0060375415668392,0.0012936093981772,0.0030687661374619,0.0023751438678745,0.0070741238022216,0.0052542185851005,0.0054658712738699
2025-06-30,0.0097524195735871,0.0042443936944407,0.0245219328115553,0.0012083804891258,0.0077988609608661,0.0087698444511452,0.0056433241331657,0.0013648406347848,0.01400311021853,0.003606985144466,-0.0002209496945486,0.0082933791210806,0.0031299830917448,0.0094637012075335,0.0161335932420292
2025-07-01,0.0017246336083325,0.0175402411064464,-0.0018225642195023,0.0014908188942379,0.0170993410866668,0.0135103152147171,0.0111292797987372,0.0047843877872206,-0.0007672825504231,0.0327218504981179,0.0274033786738265,0.0113743978567109,-0.0007256157783931,-0.0087753396967503,-0.0004486994709712
2025-07-02,0.0054750196712447,0.0116302413799245,0.0133482163907234,0.0126886560242536,0.0106761344517072,0.0056798885981406,0.00954941854055,0.0154609171175494,0.0018646376299686,0.0165697468695089,0.0215099682890191,0.0168696060132025,0.0014522853579568,-0.0006597580156477,-0.032839528215128
2025-07-03,0.0185821784467064,0.0045165926344403,0.0108815799212484,0.008959813253816,0.0150557964470785,0.0225911487431911,0.0102837745913304,0.010816613832707,0.0015328005876427,0.0043942982647817,0.0092651108711068,0.009597389275753,0.0031903714348706,0.0075381454393539,0.0132819041400822
2025-07-07,-0.0136148500801964,-0.0055180916054189,-0.01761830195822,-0.0027750164819456,-0.0150717949224917,-0.0126240489332609,-0.0164568413287296,-0.0057106760481789,0.0122431309010468,-0.001628035663767,-0.0031296211879698,-0.0125842010225623,0.0211421105260931,-0.0001092934268569,-0.013495329505138
2025-07-08,-0.0314757247238641,-0.0310316026543772,-0.0192001664736093,-0.0181577065693657,-0.0091085464552156,-0.0231734612089439,-0.0178168489514491,-0.000882961143339,-0.007019470792143,0.0089171955947215,-0.0025114741517247,-0.0028883553516807,-0.0244912299127771,-0.0115242469703842,-7.139250701093669e-05
2025-07-09,0.0013437899209156,-0.0065749134983137,-0.0010326108212684,0.0029759334283825,0.0024513242234638,0.0025709406746958,0.0011672809098095,0.0127717623796259,0.0040239124034207,-0.0093938420216496,-0.0075534758356855,0.0024367746671112,3.634849046219024e-05,0.0065201048449459,0.0001785488475318
2025-07-10,0.0177636932770954,0.0027754729508928,0.0180314454850949,0.0108794531944829,0.0069690758994109,0.0150367590484301,0.0248620086693671,0.0140528958757177,0.007798899873822,0.0092280912265696,0.0057082657392013,0.0124295821883015,-0.0016326320285044,-0.0018664900934177,0.0019285973774452
2025-07-11,-0.0046149740220875,-0.0051097042057677,-0.0058805214455126,-0.0056606547146967,0.0023069480040673,-0.0040191840618211,-0.0177406165179327,-0.0021829242673833,-0.0115003244428626,-0.0046980266794138,-0.0090393087894459,-0.0043037870267584,-0.0003997814220997,-0.0072050469496736,-0.0088758345172339
2025-07-14,0.006414352745816,0.0072759393535482,0.0118447448649234,0.0118779233508472,0.010660224207843,0.0088778508125233,0.004538791017691,0.0089139322586853,0.0079372846729162,0.001877849262251,-0.0016971035387149,0.0047773335652434,0.0071979062899472,0.007257336399159,0.0077324940876664
2025-07-15,-0.0074472073376468,-0.0195453649617507,-0.015126802873127,-0.0165311476328011,-0.05477656601165,0.0368001358235385,-0.0320017607571255,-0.058751555103796,-0.0117582872596634,-0.0181409360194965,-0.0291117989475209,-0.0249049777283444,-0.0074351816123269,-0.0111649754312743,-0.0161314340909227
2025-07-16,-0.002547590680585,-0.0026003314687826,0.0089820828970126,-0.0127128016041406,0.0133148725322815,-0.0077160132819047,0.0040238693782914,0.03448798797654,-0.0038205807188234,0.0093161047900194,-0.0002188702820692,0.0059441665379016,0.0092000576451938,0.0056177563631574,0.0069646786602959
2025-07-17,0.0142747411054633,0.0215077328001012,-0.0042041830483783,0.0079403114483731,-0.0025028597699928,0.0341034807097393,0.0110611207716322,0.0213816439128824,0.0201621311304283,0.0106224517461248,-0.0102889815718812,0.0063705722121483,0.0010450618372046,0.0063053016314309,-0.0077089720378883
2025-07-18,0.0047258254182462,0.0063802972851967,0.0034286388732385,-0.0004966507682226,0.0116672261661063,0.0038671521469864,-0.0234659959851439,-0.0016192697839658,0.029001203988598,0.0027041767214508,0.0106171393194418,0.0012844160502287,-0.0112304465166375,-0.0067055240794524,-0.0048282864153144
2025-07-21,-0.0010300930906455,0.0033812463355209,-0.0031910802016149,-0.0025561706176199,-0.0044643068644627,-0.0085605571479872,-0.0161714948882278,-0.0095779049918081,0.0046972392478965,-0.0024934967861873,0.0019698325386225,-0.0109950364720775,0.0010920689616966,0.0004980253431963,-0.0004013039297656
2025-07-22,0.0015808838540987,0.0061078311604714,-0.0079178251472856,-0.0030612260790607,0.0261585213659358,0.0145709206449726,0.0038618894508439,0.0067429054229324,-0.0089350691550752,0.0038260153931453,0.0083004597464311,0.0071335895738464,-0.0013090070615362,-5.529910748780509e-05,0.0171885973620509
2025-07-23,0.0182891377409257,0.0077454084843167,0.0244286037233132,0.0154956304089834,0.0160232870509882,0.0211702148322234,0.0148615898830364,0.0181570826167871,-0.0025160484755648,0.0049802444164275,0.0028164288877916,0.009382790639941,0.0066996475340079,0.0011062142624711,-0.0307824763386906
2025-07-24,-0.0007076313831584,0.0051932003478705,0.0023134597365155,0.002039179901776,0.0020310806384844,-0.006250749328297,-0.0013283527516527,-0.0017850412938885,0.014188146757524,-0.0081412162141161,-0.0049686807382255,-0.037045417104533,0.0025317555978596,0.0142539857447334,0.0001110382852507
2025-07-25,0.0069804327012474,0.0012399804361147,0.0136266521541963,0.0035788763063144,0.00536544843086,0.0071287043841115,0.0109001166518809,0.0043904043177027,0.0058031173871664,-0.0005097482523405,0.0056447419346004,0.0071925167756887,0.008550405838873,0.0046847233621651,-0.0038122699933088
2025-07-28,-0.0011386766042836,-0.0045408301425586,-0.0073115457475327,-0.0031466158417617,-0.0148244628695851,-0.005412680547892,-0.0027920059959781,-0.0048609467662421,0.0087575777162685,-0.0106096021268564,-0.0049654630472847,0.0062483732741065,-0.0194240592401654,-0.0089461152631261,-0.0117406670190048
2025-07-29,-0.004157106923013,-0.0058053948939776,0.0115111288471025,0.0070144299506842,-0.0050559535664708,-0.0111983284409681,-0.0070797101413311,0.0033190077160323,0.0,-0.0030932696906372,0.0,-0.0016807112700116,0.0017510999891972,0.0105039427196014,0.0096244192150867
2025-07-30,0.0087193654493207,0.0002084242920301,-0.0016804036439282,0.0096129008591088,-0.0105263882785928,0.0140770362652915,-0.0166267129450058,-0.0061345596007386,0.0067407330308464,-0.0042405342321643,-0.004556300346086,0.0065942604357769,0.0114347613141649,0.0055762989973873,-0.0075962753761295
2025-07-31,-0.0113140261684407,-0.0143868941767383,-0.0097980215141864,-0.010282026061025,-0.014062080956499,-0.0220228402926313,-0.0135130725382611,-0.0077512818640733,-0.0085217579558942,-0.0118411753641213,-0.0200523320839388,-0.0010685112615964,0.001944482368611,-0.0048994003006234,-0.0017635511939626
2025-08-01,-0.0231906193530018,-0.0340597314949794,-0.0193757079638554,-0.0236558230799347,-0.0353466897827677,-0.0199571444618672,-0.0168387401803299,-0.0128478441284198,-0.0225110483175591,-0.0230724379141874,-0.022686896164249,-0.0350233432782679,0.008911719743162,-0.0012443838431268,0.0051118852428273
2025-08-04,0.0168988192494434,0.0041612331441289,0.0231971509059523,0.0163203906807187,-0.0025712001921432,0.0093169522547829,0.014680330533052,0.0222201624639417,0.0164345983780616,0.0171617228317448,0.0109240981595313,0.0160022759110827,0.0225816352595571,0.0208559835442581,0.001271529103882
2025-08-05,-0.0098213672313876,-0.0063249687878886,-0.0070522444795237,-0.0063665660373547,0.004897974279203,-0.0060816538529206,-0.0065304512673118,-0.0057525712089366,-0.0067970440660077,-0.0004232192219718,0.0031517018502373,0.0057403867858205,-0.0086730607915986,-0.0055719096242917,-0.0002240755535979
2025-08-06,-6.863508093757353e-05,-0.0030728926093416,0.0053128651763512,0.0059803195050276,-0.0044893615063628,0.0077579047889269,-0.0037083715408764,0.0098232054387821,0.0027995762942021,-0.0022752765182756,-0.0026929585689779,0.0041508789048234,-0.0114542304222702,0.0034687023071986,0.0072848905849853
2025-08-07,-0.0151364085098824,-0.0110083093740246,-0.0068990733880511,-0.0026895664963135,-0.0072156320175349,-0.0108423550420799,-0.002740727072802,-0.0068807137924472,-0.007444881203778,-0.0076367959409507,-0.0078757531719514,-0.0262588776360885,-0.0014216757089644,-0.0001595923901878,-0.0011868823255651
2025-08-08,0.0063429782298842,0.0242653325542372,0.0021259533267816,0.0160375316962773,0.0163185377269041,0.0164418004005941,0.009160899222155,0.0109090302297807,0.0142081432375815,0.0140017765541016,0.0174642367002235,0.0045347107420732,0.0044847219164334,-0.0086160769545503,0.0071664663187482
2025-08-11,0.0027704327764535,0.0032602201046736,-0.0028146350664424,0.0048890352875274,-0.0033398642428422,-0.004529288827091,-0.0040345160862135,0.0026312183180032,0.005665399311965,-0.0063772063611414,-0.0066875061179154,9.599545051464098e-05,0.0125438706865173,-0.0025215288354157,-0.0008848497691036
2025-08-12,0.0113620642839589,0.0290293639189722,0.0335632026690928,0.0237001023723615,0.0243589945951929,0.0371574331072659,0.023562767495459,0.0280869242002093,0.0108573205730375,0.0143213226277734,0.0271544514246393,0.04072032056875,-0.0345405958071922,-0.0171568928951745,-0.0045387438280686
2025-08-13,-0.0079222810171012,-0.0054735705719943,0.0017622628661313,0.0031912017365902,-0.0200050498297656,-0.0113849148724219,0.0120708798745936,0.0003622952819395,-0.0314114671508491,0.0113475478921707,0.0183526216706189,0.0011073384605724,-0.0071045164935222,-0.0072781189788053,0.0195352129828063
2025-08-14,0.0124945149961264,0.0099491116717238,0.0033705023354473,0.0050757955855587,0.0195147961180583,0.0085578047167551,0.0028024653895726,0.0001119474822344,0.0229102961692426,0.0060496088461818,0.00472010352875,0.018942802293894,0.0028474411167904,0.0070006107080662,0.0025449780610342
2025-08-15,-0.0124762967595483,-0.0161392062501966,-0.0220557446256408,-0.0261262048304825,-0.0290896408620154,-0.0185418500778954,-0.0073441068684217,-0.0216779973053969,-0.0170791513610024,-0.0169604807085558,-0.0192185455953719,-0.022904620122894,-0.0028393562171524,-0.0081015060301097,-0.005548706400476
2025-08-18,0.0035802641365563,0.0208776980125813,0.0003285654420388,0.0010371930161907,0.0044098764180993,0.005656962614406,0.0051723056831143,0.0009779099519082,0.0006243074940466,0.0038689057956211,0.0039190789395842,0.0035743289397573,-0.0128140058777592,-0.017991182102479,-0.0047044004030903
2025-08-19,-0.0029842536426766,0.0033389915887507,-0.0131061025124785,-0.0049041435087173,0.0011620891099137,-0.0050944242199872,-0.003093943785854,-0.0067334833685165,-0.004263279286612,0.0051039660147111,0.0021686804823659,-0.0073081800921729,0.0039937962086431,0.0018546514319202,0.003224440135741
2025-08-20,0.0054358433309507,0.0056155641331894,-0.000970320718531,0.0003469671719074,0.0081259814053615,-0.0060807093102427,0.0075139065058789,-8.83518958827434e-06,-0.0026107083049793,0.0104149797347672,0.0043281466536095,0.0004194554518524,0.0114920622241561,0.0169965311008102,0.0214755080572262
2025-08-21,-0.0026347433862959,-0.0018614287614525,-0.0065633267551464,-0.0005549979970969,-0.0042221383890301,-0.0062252335523332,-0.0007457968790145,-0.0032876030923878,0.0032457713698232,-0.0051281914501098,-0.005171478907067,-0.0125751511905634,-0.0046974824532802,-0.0114175132465724,-0.0030749274521311
2025-08-22,0.0163651814566641,0.0252797754043174,0.0362316445843642,0.027631385293932,0.016317492920485,0.0288369224051241,0.0356620256696764,0.0208223890184138,0.000104366155712,0.0396393029621953,0.0457007384414949,0.0434413881247037,-0.0139031809372746,0.0080343914479399,-0.0040527915633573
2025-08-25,-0.0045233728771065,0.0,-0.0041785054717624,-0.0024997318570495,0.0137801041374217,-0.002729339545723,-0.0105275141405426,-0.0096415063783191,0.0037566287300172,-0.0049086248715798,-0.002485546782087,-0.0005424253245547,0.0069383200965074,-0.0084684321579395,-0.0118116913730835
2025-08-26,0.0124449911710611,0.0155618740230896,0.0137522494881578,0.0089400010363696,0.0164610230935309,0.0075788939805045,0.0151995122779264,0.0023746301902016,0.0109158938329705,0.0137519506758574,0.0085133630395011,0.0172772176099311,0.0008107583663194,-0.0022328437749526,-0.0087825307146337
2025-08-27,0.002378048329517,0.0025870495797906,0.0009612048031308,0.0027522555389936,0.0121456442668983,0.0120142388339432,0.0058014823594605,-0.0071681362419336,-0.0038049990290216,0.0126805248301864,0.0039117879844723,-0.0016449939520161,-0.0054859284540238,-0.0080564160953326,0.0038602459571999
2025-08-28,0.0059809504965229,0.0021833993565156,0.0020675708807882,0.005355383200067,-0.0063029528843349,-0.0005161987257069,0.0140483437724963,-0.0010161831601038,0.0022710087998607,-0.0020384979232931,-0.0018457278088409,0.0115341372089905,-0.0124018906480528,-0.0009024761001596,0.000732580632502
2025-08-29,0.0011625707586078,0.0049514883221719,-0.0026363622047375,0.00199762261105,0.0024395965371382,-0.0025820864430534,0.0131196686931578,-0.0029545259865443,-0.0128747265970529,0.0088513048845135,0.0032875878541571,0.0003522146490293,-0.0009745467406878,-0.0030484554626092,0.0066605361463611
2025-09-02,-0.0057064290707602,-0.0063067605763205,-0.0193224602856306,-0.0108319288506356,-0.0048674131008067,-0.0185358145678481,-0.0003018482010797,-0.0109744230143445,0.0029217233770668,-0.0097377327285071,-0.0063486717392026,-0.0173840080174184,-0.0041649575634834,-0.0085503644996496,0.006325586607718
2025-09-03,-0.0006338584389046,-0.0071399531785311,-0.0003966683922574,-0.0021497598241073,-0.0155294479825479,0.0026376620885961,-0.0225557628503967,-0.0137069950102719,0.0010403239969216,-0.0020444971018196,0.0004122904578509,-0.0086890272156964,0.0148833033735984,0.0002284226839965,0.0050937910188046
2025-09-04,0.0143902776634086,0.0111864992727646,0.0251040427910629,0.0134650759062699,0.0163954991637376,0.0215722233093391,0.0214389252705247,0.0084311456251693,0.014653892656679,0.011512218614216,0.0129788143235547,0.0225455435929207,-0.007128442024614,-0.003483091625023,0.0059664920324278
2025-09-05,-0.0310710962049887,-0.0113229325401195,-0.0142743634387613,-0.0162093003235715,-0.0350726964047601,-0.0173053533007293,-0.0133977644926265,-0.0039871631152341,-0.0571545207348757,-0.0142747974516848,-0.0075248099536534,-0.0211647565133624,-0.0205286672116192,-0.001432481692845,-0.0089323091045838
2025-09-08,-0.0049935716942824,-0.0062286887914988,0.0049308581668103,0.0047268319735678,0.0022796335426744,0.0049266783349086,-0.0024829699425525,0.0052495864216988,0.0152090946055183,-0.0030820878961409,-0.0030736641371845,-0.0064551061752324,0.0024432855400247,-0.0021805808237292,0.0003244320944033
2025-09-09,0.0168652175685799,0.0167812112503904,0.0297499591556571,0.0230526677776343,0.0204700376995101,0.0153331356206556,-0.0032881884736439,0.0006788588076962,0.0023541212002242,-0.0164892660475596,0.014799450313353,0.010813208264089,0.000765272979561,-0.0024727560476499,-0.0017299646272359
2025-09-10,0.0090313623457838,-0.0031814567227157,0.0074091429423839,0.0124818867970311,-0.0056959701774027,-0.0017464104659445,-0.0030523527423103,-0.0025144601371178,-0.0152662613945262,0.0073847593138784,-0.0034433694047758,0.0042699906732333,-0.0061942364885653,-0.0070910707193383,0.0016608020023178
2025-09-11,0.016703214142683,0.0123678393957002,0.0196860652736365,0.015312740128494,0.0118306702798052,0.0169805310810367,0.0184630021678084,0.0283711027608104,0.0184301866431011,0.0042598686136514,0.0024389884039408,0.0041177604005551,0.0095032663551457,0.0228763984654734,0.0196070880320406
2025-09-12,0.0044181785036943,-0.0033497537999316,-0.0059510186119677,-0.0005750301251121,0.0025845818037504,0.006274133848398,-0.0121766949803,-0.0094959426844296,-0.0042581104336623,-0.0037977732945059,-0.0038523023251025,-0.002629894849632,-0.0003049803984551,-0.0124878966728942,-0.0168971059208735
2025-09-15,0.0064839597391337,0.0001977201335883,0.0085890305070879,0.0015984675035167,-0.0006136497630849,0.003519692089887,0.0059944383884504,-0.0073883765954284,-0.0153944700655165,0.0023764633138205,0.0032566446733814,0.0123793655709711,-0.0132291319872689,-0.0100017774976262,-0.0135917075944718
2025-09-16,0.0009387810827758,0.0013836140953329,-0.0015634212483911,-0.0052986844686454,-0.0002458391345624,0.008517821267203,-0.0006722797739451,0.0033898629371424,-0.0116177295185443,-0.0075076385381991,-0.0182593739371896,-0.0093585833013639,0.0038635672629114,-0.002037810441726,-0.0084205670141688
2025-09-17,0.0082797591313534,0.0146072672891646,0.011062633276486,0.0102688515354769,0.0133923847888535,0.0111288267737585,0.0273972551061569,0.0115203424130103,0.0116444297515849,0.0140838585657727,0.0252117917237586,0.0053473536713006,0.0098911600182354,0.0049592280014896,0.0008456294996022
2025-09-18,0.0047474655974102,0.0142023256952166,0.0127043004665312,0.0116256966958878,0.0123666882063113,0.0063875782869871,0.0168749753867594,0.0047271335559078,0.0129221118486853,0.0122686228109494,0.0120944782816483,0.0183059725559959,-0.0068979118071386,-0.0065022249209577,0.0074563862808898
2025-09-19,0.0049483425643943,0.0023018718649199,0.0008578628780764,0.0042074716634989,0.0136526223038131,0.0026364238853706,-0.0016096802892026,0.0050300716735034,0.0112565137349769,-0.003635924909459,0.0039832639553283,-0.0061808722436693,0.003607166382517,-0.0079472656942986,-0.0014218740012768
2025-09-22,-0.0074337865092949,-0.006315776822967,0.0006956420051753,0.0050028309487821,0.006143774975942,0.0078885497847458,-0.0004105059132744,-0.005810030350435,0.0010600651590093,-0.0116778780523024,-0.018250365573091,-0.0127452633364396,-0.0017206681667641,0.0020616679449214,-0.0032495648544785
2025-09-23,0.0009601975900692,-0.0042372795942317,0.0009434842044429,0.0003111385575704,-0.009276759541969,-0.0047347179066395,0.001436998913793,-0.0039252839048512,-0.0055066810720065,0.0039387500736174,-0.0028288258581278,-0.0106029390155808,0.0033707036128511,-0.0119327459329552,0.0106227333218542
2025-09-24,0.0021744329841544,0.0,-0.0172263976645891,-0.0179149253427324,-0.0030815802952316,-0.0131067611552752,-0.0028992301418045,-0.0033311442090722,-0.0163987039867592,0.0007845666897916,-0.0034448450225659,0.0059186596437323,0.0094288975470664,-0.0002379138612466,0.0085538196786039
2025-09-25,9.575920677629136e-05,0.0029012526684724,0.0029403438909669,0.0067772445555516,0.0024966978102656,0.0045252367565162,-0.000881076184826,0.0171191529245233,0.0260906743642688,-0.00656593275686,-0.0030500761772959,-0.0083800411179473,0.0162613757705387,-0.0045820550635257,0.0001436624818809
2025-09-26,0.0083264828232865,0.0069432072930328,0.0097513201406029,0.0072979124314949,0.0081831364951543,0.0128294470897278,0.0044093564929046,0.0079839579153679,0.0071746092544022,0.0028607335306671,0.0083622998784165,0.0071473689325105,0.0057678413898805,0.0026901591819543,0.0085879510086426
2025-09-29,-0.001170509421051,0.0040221963229154,0.0020061954674615,0.0065581044917475,-0.004234883826318,-0.0025140652141456,0.0018439784944102,0.0165249081922729,0.0149799971848847,-0.0072299964272101,-0.0091019477845719,-0.0020085225921747,0.0072518697640449,0.001550080765722,-0.0040257911405905
2025-09-30,-0.0008237156818382,-0.0158335523358933,-0.009662768903167,-0.0136510988672361,-0.0098051442760868,-0.0160915582886935,-0.0296515486202374,-0.008243046195985,-0.0146557746896395,-0.0045578930420471,-0.0028883042987403,-0.0492843941384177,-0.0075302192803007,0.0029168447878233,0.0096222508992065
2025-10-01,-0.0149635386994223,-0.0176390812145783,-0.0136120399465065,-0.0130221838818317,-0.0351942782306695,-0.0274876269976326,-0.0108381173455842,-0.0212716110369244,-0.0337278144232607,-0.01239230126568,-0.0093110696820215,0.0042335715841728,-0.0160997552086051,-0.0346627925100452,-0.0029761130999124
2025-10-02,-0.0101703404907956,-0.0039463702984409,-0.0078038426231772,-0.0101343615016921,-0.0045753257145957,-0.0138791450187844,0.0058436134950221,0.0170628896879105,0.0048779762633048,-0.0014110464141026,0.0006265665701161,0.0014052654489145,-0.0015423251578468,-0.0102066003446577,-0.0001421634860451
2025-10-03,0.008063813137968,0.0031694818124528,0.0136005024638463,0.014745600468156,0.0021117141156403,0.0041093322550092,-0.0007262080079623,0.0001291151444156,0.0148867771163945,0.0015139717280594,0.0033395139777177,0.0029002698096742,-0.0028631299194906,0.0101875905136004,0.0092049486911078
2025-10-06,0.0021065647495546,-0.0049367643316001,0.0086078662905895,0.003172689873184,0.0002479982143359,0.0031717703084421,0.0052990721766954,0.016007890396249,-0.0008502893014558,-0.0143102027688379,-0.0072809692043717,-0.002565264696958,-0.0098992431147693,-0.0218915895899335,0.008557659319178
2025-10-07,-0.0048191270692889,-0.0019845796797317,-0.0089484615253074,-0.0134099470171474,0.0055768952558108,-0.0025496950200468,-0.0121087756082677,-0.011057656858056,0.0001063048967051,-0.00925277793623,-0.0046102274576811,-0.0007482069785139,0.0059149916373966,0.0183578609591472,0.0099513245651152
2025-10-08,-0.0118950177246839,-0.0089480204573308,-0.0166404252791031,-0.002051723124044,-0.0173772963981838,-0.0112475889871399,-0.012653501778348,-0.0010546846996903,-0.0023401801598615,-0.0188328121039395,-0.0107367621424676,-0.0082831198518189,0.0050833419819336,-0.0161130901803882,-0.00739863145646
2025-10-09,0.0049336402330455,-0.0010032011597593,0.0044430368176986,0.0039832617260195,0.0020067928801532,-0.0080661684405338,0.0019146296718925,0.0020858297098387,0.0024522123757864,0.0026819879548829,0.0023407569499835,-0.005568007680493,0.01472032303295,-0.0004392025080377,-0.0096482375302205
2025-10-10,-0.0151866502056996,-0.0228960958248075,-0.0200011068979993,-0.0282203968272648,-0.028414121834852,-0.0207464262380132,-0.0227426543700065,-0.0300404737335117,-0.0219101330298756,-0.0352442451075054,-0.0386411185130399,-0.0391478331555134,0.009708431332942,-0.0112994874976891,-0.0046424597607414
2025-10-13,0.0235300676776952,0.0043164434704858,0.0293317929933436,0.0215331106309328,0.0167481038761314,0.0231023077798455,0.0216910081246066,0.0200996646988671,0.0166376060533655,0.0161457730893499,0.0194345473536754,0.0252852325002812,-0.0006263125915915,0.0079364962881576,-0.0016959916750708
2025-10-14,-0.0191252154339175,0.0251740239620461,-0.0203614283612564,0.0013536464670786,0.0714648625166882,0.0389178326744925,0.0301126799883379,0.0338840210710678,-0.0010695898441459,0.024349369783398,0.0201474055661305,0.0317421322616486,-0.0151135030640273,-0.0030235197921337,0.0074328544184443
2025-10-15,0.0119504514667365,0.04372127454355,-0.0036717758905358,0.0470580231128565,0.0224693187494173,-0.0006009961583138,-0.0065796916906435,0.0069749859599765,0.010065355346857,-0.0389501296002662,-0.0135910827068884,0.0042017697231804,0.0036305084589629,-0.0051178699160757,-0.0222043756566613
2025-10-16,-0.0233896232732674,-0.0351952133993737,-0.0128135729256354,-0.0161697114103391,-0.0284525020778965,-0.035277572625327,-0.0228027570909118,-0.0259689878903396,-0.0097530241750232,-0.0217724169172878,-0.0172227415656819,-0.0555556113900442,-0.0210330483693509,-0.0260383818714734,-0.0362186176745706
2025-10-17,-0.0032826393652146,0.0166535153390998,-0.0096558787107783,-0.0084364799175719,-0.0085714225075138,0.0084147519786923,0.0727283045176161,-0.0087077307756741,0.0078149647295588,0.0057743883854504,0.0008762324275291,0.0403150096832916,0.020685005471543,0.0015649927186738,-7.451725183127422e-05
2025-10-20,0.0161310739865043,0.014820700724617,0.0167161176899157,0.0207979898406358,0.0329009918324119,0.0229730637254372,0.0082511458494765,-0.0009990397382156,0.0086041939041281,0.0154403998303136,0.0308600665068461,0.0167029577487634,-0.0011942537798114,0.0110025445823631,-3.720416535546445e-05
2025-10-21,-0.0174295005472405,-0.0099923264867599,-0.0056856462988613,-0.0169168334258753,-0.0146476566930175,-0.0105740418279619,0.0164242890874892,-0.0258619961403548,0.0014745142002321,-0.001427158342305,0.010828112412587,0.0101456942943682,0.0036991735046079,0.0096592929386454,0.0039522596704664
2025-10-22,-0.0100306883932614,-0.008152204784937,-0.0189465586116878,-0.0069709513965148,-0.0103823597460994,-0.0198473281238251,-0.0090647351661317,-0.0002832119528616,-0.0082027309325194,-0.0039030576699049,-0.0058810364334423,0.0153421128098538,-0.0029782462214228,0.0010205370425067,0.0269627060199912
2025-10-23,0.0014621475426208,0.0129157488740336,0.0082998927205513,0.0075259411818628,0.0069146868273493,0.0040498764084999,0.008323877725221,-0.0041427638885914,0.0030749961338913,0.004139082765193,0.0103527605454272,-0.0015428814902357,0.0040700452142152,0.0031858409860219,0.0232171327492269
2025-10-24,0.0200311989201746,0.0156492486987167,0.0440873463220825,0.0285606711149839,0.0230879585943319,0.0216154478674397,0.0074099263228781,0.0103376424393206,-0.001902817838339,0.0246771084684822,0.0092010912523279,0.0225869136490535,0.0023800977221211,0.0012700545489212,-0.0035343258238224
2025-10-27,0.0123485380982075,0.0085600110661068,0.0077945511302912,0.0131819998107682,0.0069435754434998,0.0223729182772876,0.0114945050727932,-0.0046803349865708,0.004448209537319,-0.0084745585239015,-0.0095316250515181,-0.0067553582800798,0.0057505078901201,0.0138916857122188,-0.0009221622330352
2025-10-28,0.0039782856065924,-0.0028291684651458,0.0026583403517626,-0.0048789124286959,-0.0012642908652935,0.0039608886329058,-0.001769471265721,-0.0056219358344519,-0.0104386089046906,-0.0109272185336413,-0.0110878688399143,-0.0111860362891875,-0.0175587604425115,-0.0160786234437623,-0.0216558258735436
2025-10-29,0.0004912861825634,-0.0054850879715321,-0.0114002676547185,-0.0071424693188976,-0.0103567249985795,-0.0223888738492475,-0.0077833343332178,-0.0239566959000876,0.0080979962294618,-0.0099540126069639,-0.0133276953018719,-0.0108602856639365,-0.0180228093906134,-0.042283921250758,0.0087815650861371
2025-10-30,0.0128637159326809,0.0085583092364953,0.0090669685166817,0.0074985976082182,-0.0001161788462025,0.011097725533621,0.0018424246005424,4.5640398621538125e-05,-0.0021138558700135,0.0071815553088465,0.0042881657480404,-0.0009606476371452,0.0052003112802909,-0.013942435439154,0.000215805702417
2025-10-31,0.0054291150359451,0.0079201491315969,-0.0009997297476934,-0.0015829163731644,0.0113966752583498,0.0100778030932209,0.0051549940183313,-0.0138791314395917,0.0011650101016233,0.0012614309145999,-0.0034158847185828,0.0073724714116538,0.0098899927647666,-0.0150148099833378,-0.004027872017508
2025-11-03,-0.0056889939068095,0.0020579938280491,-0.0048773338570134,-0.0021341549155682,0.0037943495181194,0.0097385793827609,0.0024672200797326,-0.0129109269304129,-0.0144942468145612,0.0010409136290645,-0.0012853473679006,0.0077730057702318,-0.005009597271166,-0.0047850382935796,0.0047301987368619
2025-11-04,-0.0003232663205219,-0.0003734385329945,0.006759869966779,0.002199892866094,-0.0019473166151069,-0.0059048500593814,-0.0031248444660543,-0.0083454745616797,0.00740743007609,0.0011491387399145,-0.0040754209209992,-0.0046008070635789,0.0139688474264485,0.0095472871535342,0.0265948460830649
2025-11-05,0.0078576815941031,-0.0203586276798884,0.0028577991203411,0.0071336051792938,-0.0020659660844574,0.0067319804581933,0.0147298793834944,0.0128877006849597,-0.0017050100299779,0.0065591162590465,0.0066767187681999,0.0032625857813339,0.0005599245957215,-0.0052388013739887,-0.0083668678396676
2025-11-06,0.0055826461114969,0.016015240067122,-0.0069474991681477,-0.0106549661292039,-0.0104655903090191,-0.0082604831187292,-0.0001913416354015,-0.0038468568750636,0.0055507672367141,-0.0066792924463534,0.002353277047026,-0.0204154650854941,0.0127612088262456,0.0089598738216365,-0.0007414024146956
2025-11-07,0.0025205520684494,-0.0016888423297877,-0.0015744538067818,-0.0064862586217816,0.0052575083613923,-0.0005948890428024,0.0076833952571673,0.0119314778617893,0.0110403343891363,0.0069975040260537,0.0100321042078259,0.0043341795930236,0.0187163543554114,0.0100324585070465,0.0158981763480077
2025-11-10,0.0085293586594872,0.00413532982709,0.0138107576817376,0.0165681031047759,0.0006974065652645,0.0069450640115733,-0.0017909155925528,0.0003973897670357,0.0035698973442164,0.004831776382391,0.005494506861623,0.0116609643313805,0.0028210238399337,0.0033556168883386,0.0024344713454713
2025-11-11,-0.0040078269537643,0.0039310906853773,0.0164450753686979,0.0087851173383262,0.0010452912370169,-0.0071927316033838,0.0061976179309504,0.002890959210229,0.0056498436622136,-0.0014586452512647,0.0008406895733128,0.0017698499884484,0.0056259485068328,0.0166555870631601,0.0144666495460352
2025-11-12,0.01517656602172,0.0089501765482693,0.0353692244243339,0.0205405564654304,0.0008121354761494,0.0209408865201909,0.0070510245529151,0.0075248502507274,0.0165417847708397,0.0113081486998485,0.0056698880041352,0.0062514173586687,0.0026538616221418,0.0135535460530884,0.0085833832068122
2025-11-13,-0.034112382360686,-0.0229162750554751,-0.0398942374186583,-0.0253648748273702,-0.0180848941308388,-0.0213863214701621,-0.0215681764291126,-0.0221952677838533,-0.024050773144766,-0.015622484164572,-0.0121110089360516,-0.0239950037983145,0.014164281330407,-0.0087634792939518,0.0043740017149966
2025-11-14,-0.0189675905405469,-0.004917692887568,-0.0181129094585956,-0.0105669436450474,0.0041322930985825,-0.003675296856935,-0.0207002964415458,-0.0109476036722551,-0.0073614743664114,0.0,-0.0044389745114431,-0.0260609001953825,0.0052902957715805,-0.0041255847412605,-0.0024644830747527
2025-11-17,-0.0106715009422596,-0.0214788029074483,-0.0194080775947239,-0.0269132301486768,-0.0191652073255599,-0.0210368495183677,-0.0445994030776386,-0.0322701071292939,-0.0262739516436419,-0.026903632925427,-0.0346070635666335,-0.0444022061022273,-0.0207339962417355,-0.0114421920965582,0.0003046522434124
2025-11-18,-0.0031959716084456,0.0031079899443795,0.0009541068077374,0.0023832154301952,0.0052744794244188,0.0013239481670879,-0.0017289394092251,-0.0045516964301508,0.0040257101791261,0.0058087810884539,0.0098965505395678,-0.0048255594246491,0.0005374103873265,0.0162975039744259,0.0033494269254661
2025-11-19,0.0128918601060752,0.0073586150283797,0.0124824337008078,0.0153912894935197,0.0035774048363144,0.0153579788801045,0.0116832604898182,-0.0043763079569302,0.0039011728411302,0.0160484935105369,0.019163767979814,0.0117976504206773,-0.0243126107234534,0.0056943580333286,-0.0088006696161664
2025-11-20,-0.0161241417360137,-0.0196078445983197,-0.015636447474525,-0.0221208333400658,-0.020912500499328,-0.0220374964629691,-0.0024373417575749,-0.0218393364777114,-0.0232081022525837,0.0031151456716409,-0.0066239332903802,-0.0008893822638996,0.0100187686175003,-0.0129513642567059,0.0080284036662061
2025-11-21,-0.0012065861847126,0.0109804600543021,0.0004266500510619,-0.0033397309203291,0.0086164536937785,0.0109597515254016,0.0264398319232226,0.0223673097414545,0.0002209954507879,0.0187970551796434,0.0277478253829739,0.0279399151588592,-0.0077393220595098,0.0182643896478995,0.0066481382529266
2025-11-24,-6.69866099478611e-05,0.0071760701932177,0.0215495210275176,0.0294620755783119,0.0186500080623508,0.0100304220457716,0.008614476355111,0.0047007948853512,0.0001104308705297,0.0081822817981627,-0.0006278779794223,0.0046663828913058,0.0094840876762205,-0.0099073787174125,-0.0083141153347534
2025-11-25,0.01677851756491,0.0105911589462823,0.0146829446720653,0.0159675141945405,0.0051972250499634,0.0148460152579923,0.0188521486880366,0.0100835521435738,0.0024304839741422,0.0215892045030445,0.0242932838956442,0.0268626621812329,0.0047155768555244,0.0200132357230673,0.0066258681940369
2025-11-26,0.015313557904943,0.009717988438215,0.0170631068410824,0.0151726674168459,0.0054053902224748,0.013146164588107,0.0036675091471389,0.0099925256767996,0.0116817587306274,-0.0036865340749163,0.0008179091040032,0.0140825662374919,0.0140443345331526,0.0021158676934975,0.0004365691971457
2025-11-28,0.0176828940704489,0.0124553015094417,0.0122914355144387,0.0102416878136921,0.0033894385599149,0.0107316860480413,0.0035716918191401,0.0069611824999802,0.0101306900187279,-0.0060454937321425,0.0020428210702332,0.007357376209627,0.0021007117075104,0.0064623855125187,-0.0057737208508003
2025-12-01,-0.0132873083102175,-0.0076422137117674,-0.0183768061742758,-0.0070140557509511,-0.0052415863956407,-0.0088802968766339,-0.0135790248761381,-0.0070277687829012,-0.0004313140995634,0.0088087029864312,0.0073394513030431,0.0059340850861628,-0.008775816236112,-0.0022886897909798,-0.0077655645607211
2025-12-02,-0.0033665094974321,-0.0009392077746017,0.0103488321914106,0.0036801296803241,0.010772712054841,0.0049668871687309,0.0010824602082522,-0.0012692423025422,-0.0066890821329074,-0.0018191527866739,0.0054644027462207,0.0164723703154312,-0.0053764620511377,-0.0100675691532886,0.0021097718669433
2025-12-03,0.0138040645960335,0.016920612618495,0.0262017924009041,0.0273819518457656,0.0351019317277481,0.0342088243756253,0.020598838515512,0.0397162293874158,0.0208536570000068,0.0309815516879643,0.0251611175451043,0.0144642739171143,-0.0113517495890166,0.0095907625859974,0.0018675239226655
2025-12-04,0.0127191022734101,0.0012940845473348,0.0015061016453967,0.0067349643379601,0.0096250732238407,0.0100262412386002,0.0082035277868919,-0.0039728227039707,0.0110650603906541,0.0013636175049742,0.0086393108525177,0.0108695880275313,-0.0041918162221274,0.0144085007295182,-0.0013895251056269
2025-12-05,-0.003353392195902,0.0012992112121075,0.0199682594463674,0.0092629767405103,-0.0042123072607233,0.0101121474228811,-0.0021553230161989,0.0016723439790484,-0.0127328051186688,-0.0020678469957062,-0.0021414045135205,0.0042225858216877,-0.0084922666376526,-0.0081074335187255,0.0012218117096975
2025-12-08,0.0005395584148615,-0.0009268447387462,0.0141944380562382,0.0018130105045546,0.002560255752614,0.0003673672050001,-0.0217902708342678,-0.0094575320612455,0.0049030590319267,-0.0010614032055055,0.0029263357508022,-0.0003900412967642,-0.0016613950592893,-0.0050058134578693,0.0075593273613074
2025-12-09,-0.0466354404760478,-0.006679015074931,0.0114112894423583,0.0113102420253616,-0.012991279414478,0.0046824063188006,0.0044992419312364,0.0087475678276778,-0.0012728323469561,0.0227674937741153,0.003112235686506,0.0009540360876607,-0.0011094399242015,0.0062408552853101,0.01342394466716
2025-12-10,0.031945439201124,0.0100859584242583,0.0144424793792357,0.0049208815338031,0.0202497393542508,0.0151694291968083,0.0320408762140485,0.0112477947392684,0.0175233416099445,0.0238436751956616,0.0385883353565397,0.0301113014269243,-0.0140307049216981,0.0149990915050011,-0.0155368900227964
2025-12-11,0.0234434010472475,0.0088757360586055,0.0245040660615982,0.0032272996988831,0.0209504027533808,0.0058511824095381,0.024815589640482,0.0170579954297342,0.0129422722839895,0.0218389958947042,0.0003734130768584,0.0064351295886497,0.0228288208086966,0.0169597223409989,0.0318339059504029
2025-12-12,0.0035919575959229,0.0106304029836314,-0.0253229684701815,-0.0104275397385465,0.0018361170587917,0.0005369810438864,-0.0060536120196795,-0.0115715873211307,-0.0041215455784044,-0.0042555598533549,-0.002986336029386,-0.0059342764944317,0.0088139251956149,0.0006744454344542,0.0081376731581011
2025-12-15,0.0047092982014609,0.0034458185042802,0.0018357000561883,-0.0034751798803737,0.0015093935601147,0.008944582172865,2.6136989187630636e-05,-0.0063628954041687,-0.0141749041281263,0.0014245576262446,0.0054287538595374,0.0081557240554217,-0.0050082389423014,-0.0110900673877556,0.0134210278529203
2025-12-16,-0.0139678598598745,-0.0093981590346815,-0.011735820452366,-0.0071994840109507,-0.0076426639597515,-0.0134752290950842,-0.004757290219955,-0.0129555727293726,0.0075566801405611,-0.0043150629897148,-0.0044683698659525,0.0075060149984309,0.0028291073090926,-0.0054063720944044,-0.0050221549772949
2025-12-17,-0.0018064432851156,-0.0047436611997021,-0.0077574806280288,-0.0096877996959847,0.0043387148374363,0.0016175330612748,-0.0134996502003045,-0.0029397900080654,0.0063542531545788,0.0015240465932377,0.0050495616131145,-0.0087331401294429,0.0028941973018408,0.0050608765357134,0.0061729120163356
2025-12-18,-0.0062859919493001,-0.0053162468445299,0.0045510266019586,-0.0105263065004469,-0.011988225466314,0.0122913729281606,-0.0002396673751025,-9.388516638675348e-06,0.0064175102499965,-0.003804132866386,0.0024190552378453,0.013778732025744,-0.0281653019781996,-0.0049110293227087,-0.0063907044441693
2025-12-19,0.0134503021126526,0.0186141350503941,0.0196050935238927,0.0232422931627744,0.0167249733331815,0.0179917217223555,0.002636399618177,-0.0045257711405879,0.0163529416133769,0.0033412618819204,0.0053833314160576,0.0038302718697271,0.0115023573675454,0.0014367610598589,-0.001157589224665
2025-12-22,0.0185366019293569,0.0110367260845294,0.0061781973290278,0.0157080146409298,0.0136543910757542,0.0281210989784757,0.0115269524687362,0.0264484771030435,0.0262093277296746,0.0128448808377665,0.0131093086105653,0.0124728354718246,0.0152737423855398,0.0071740738024959,0.0011268041692644
2025-12-23,0.0087902017687504,0.0016105892152147,0.0030144336214847,-0.0014464276857379,0.0020153552041055,0.0110933158287784,0.0035184048993024,-0.0015253667226848,-0.0022680454233331,-0.0044621164639685,-0.0069254616646614,0.0033635223547661,0.0085285233359997,0.003096969638715,0.0075574518001266
2025-12-24,0.0099407998126592,0.0050026494544108,0.0100586469638128,0.0119777269843757,0.0087858347289824,0.0180904241773733,0.0024070918648231,0.0022178702492507,0.0066218050240645,0.0072187064613269,0.0082583257953066,0.0027059281596388,0.003085056030992,0.0041988635355594,6.389551554430994e-05
2025-12-26,-0.0038278463930657,-0.0014223017211516,-0.0041063768673922,0.0012111857757555,-0.0004196802614105,-0.0093780582709019,-0.005376972286621,-0.000780465354593,0.0003927682072428,0.0019204439751017,0.0009102268580785,0.0042292970740722,0.0012663433928252,0.0054725357575093,0.0004787937767785
2025-12-29,-0.0126863783167758,-0.014598482017101,-0.0163829638482819,-0.0106120051303076,-0.0077683564371758,-0.0190167981407634,-0.0150373766542152,0.0002665978428264,-0.0056924129059694,-0.0089765343121084,-0.0089108550506906,-0.0143189764939041,0.0061070355419343,0.0028130835729562,0.0031262436093844
2025-12-30,-0.0010192056352769,-0.0012646368196028,-0.0086978457359142,-0.0047793408209558,-0.0022216874349927,-0.0077879542176962,-0.0051423208530487,-0.0046765810851042,-0.0075016901249308,-0.0042930774678416,-0.0034861675244243,-0.0072430878093571,-0.0093025958056474,-0.005000584688361,-0.0009858796683921
2025-12-31,-0.0037104359408144,-0.0050651618764655,-0.006128256062826,-0.0086553589294243,-0.0117697499537241,-0.0044365608481886,-0.0092127593709813,-0.0119726874456393,-0.0063650049346839,-0.0110395078391153,-0.0079941119445938,-0.0065992025748126,-0.0099698935496311,-0.0073547525827329,-0.0064302286327405
